--
-- PostgreSQL database dump
--

\restrict HWs9ZOdCvEy1jmuZOFhi5e3hv5JtddpHTuUBJORsgXdSwcrIZAHoqDDEwNdzDxK

-- Dumped from database version 14.19 (Ubuntu 14.19-0ubuntu0.22.04.1)
-- Dumped by pg_dump version 14.19 (Ubuntu 14.19-0ubuntu0.22.04.1)

SET statement_timeout = 0;
SET lock_timeout = 0;
SET idle_in_transaction_session_timeout = 0;
SET client_encoding = 'UTF8';
SET standard_conforming_strings = on;
SELECT pg_catalog.set_config('search_path', '', false);
SET check_function_bodies = false;
SET xmloption = content;
SET client_min_messages = warning;
SET row_security = off;

SET default_tablespace = '';

SET default_table_access_method = heap;

--
-- Name: auth_group; Type: TABLE; Schema: public; Owner: vazifa_user
--

CREATE TABLE public.auth_group (
    id integer NOT NULL,
    name character varying(150) NOT NULL
);


ALTER TABLE public.auth_group OWNER TO vazifa_user;

--
-- Name: auth_group_id_seq; Type: SEQUENCE; Schema: public; Owner: vazifa_user
--

ALTER TABLE public.auth_group ALTER COLUMN id ADD GENERATED BY DEFAULT AS IDENTITY (
    SEQUENCE NAME public.auth_group_id_seq
    START WITH 1
    INCREMENT BY 1
    NO MINVALUE
    NO MAXVALUE
    CACHE 1
);


--
-- Name: auth_group_permissions; Type: TABLE; Schema: public; Owner: vazifa_user
--

CREATE TABLE public.auth_group_permissions (
    id bigint NOT NULL,
    group_id integer NOT NULL,
    permission_id integer NOT NULL
);


ALTER TABLE public.auth_group_permissions OWNER TO vazifa_user;

--
-- Name: auth_group_permissions_id_seq; Type: SEQUENCE; Schema: public; Owner: vazifa_user
--

ALTER TABLE public.auth_group_permissions ALTER COLUMN id ADD GENERATED BY DEFAULT AS IDENTITY (
    SEQUENCE NAME public.auth_group_permissions_id_seq
    START WITH 1
    INCREMENT BY 1
    NO MINVALUE
    NO MAXVALUE
    CACHE 1
);


--
-- Name: auth_permission; Type: TABLE; Schema: public; Owner: vazifa_user
--

CREATE TABLE public.auth_permission (
    id integer NOT NULL,
    name character varying(255) NOT NULL,
    content_type_id integer NOT NULL,
    codename character varying(100) NOT NULL
);


ALTER TABLE public.auth_permission OWNER TO vazifa_user;

--
-- Name: auth_permission_id_seq; Type: SEQUENCE; Schema: public; Owner: vazifa_user
--

ALTER TABLE public.auth_permission ALTER COLUMN id ADD GENERATED BY DEFAULT AS IDENTITY (
    SEQUENCE NAME public.auth_permission_id_seq
    START WITH 1
    INCREMENT BY 1
    NO MINVALUE
    NO MAXVALUE
    CACHE 1
);


--
-- Name: auth_user; Type: TABLE; Schema: public; Owner: vazifa_user
--

CREATE TABLE public.auth_user (
    id integer NOT NULL,
    password character varying(128) NOT NULL,
    last_login timestamp with time zone,
    is_superuser boolean NOT NULL,
    username character varying(150) NOT NULL,
    first_name character varying(150) NOT NULL,
    last_name character varying(150) NOT NULL,
    email character varying(254) NOT NULL,
    is_staff boolean NOT NULL,
    is_active boolean NOT NULL,
    date_joined timestamp with time zone NOT NULL
);


ALTER TABLE public.auth_user OWNER TO vazifa_user;

--
-- Name: auth_user_groups; Type: TABLE; Schema: public; Owner: vazifa_user
--

CREATE TABLE public.auth_user_groups (
    id bigint NOT NULL,
    user_id integer NOT NULL,
    group_id integer NOT NULL
);


ALTER TABLE public.auth_user_groups OWNER TO vazifa_user;

--
-- Name: auth_user_groups_id_seq; Type: SEQUENCE; Schema: public; Owner: vazifa_user
--

ALTER TABLE public.auth_user_groups ALTER COLUMN id ADD GENERATED BY DEFAULT AS IDENTITY (
    SEQUENCE NAME public.auth_user_groups_id_seq
    START WITH 1
    INCREMENT BY 1
    NO MINVALUE
    NO MAXVALUE
    CACHE 1
);


--
-- Name: auth_user_id_seq; Type: SEQUENCE; Schema: public; Owner: vazifa_user
--

ALTER TABLE public.auth_user ALTER COLUMN id ADD GENERATED BY DEFAULT AS IDENTITY (
    SEQUENCE NAME public.auth_user_id_seq
    START WITH 1
    INCREMENT BY 1
    NO MINVALUE
    NO MAXVALUE
    CACHE 1
);


--
-- Name: auth_user_user_permissions; Type: TABLE; Schema: public; Owner: vazifa_user
--

CREATE TABLE public.auth_user_user_permissions (
    id bigint NOT NULL,
    user_id integer NOT NULL,
    permission_id integer NOT NULL
);


ALTER TABLE public.auth_user_user_permissions OWNER TO vazifa_user;

--
-- Name: auth_user_user_permissions_id_seq; Type: SEQUENCE; Schema: public; Owner: vazifa_user
--

ALTER TABLE public.auth_user_user_permissions ALTER COLUMN id ADD GENERATED BY DEFAULT AS IDENTITY (
    SEQUENCE NAME public.auth_user_user_permissions_id_seq
    START WITH 1
    INCREMENT BY 1
    NO MINVALUE
    NO MAXVALUE
    CACHE 1
);


--
-- Name: base_app_group; Type: TABLE; Schema: public; Owner: vazifa_user
--

CREATE TABLE public.base_app_group (
    id bigint NOT NULL,
    name character varying(100) NOT NULL,
    telegram_group_id character varying(50),
    invite_link character varying(255)
);


ALTER TABLE public.base_app_group OWNER TO vazifa_user;

--
-- Name: base_app_group_id_seq; Type: SEQUENCE; Schema: public; Owner: vazifa_user
--

ALTER TABLE public.base_app_group ALTER COLUMN id ADD GENERATED BY DEFAULT AS IDENTITY (
    SEQUENCE NAME public.base_app_group_id_seq
    START WITH 1
    INCREMENT BY 1
    NO MINVALUE
    NO MAXVALUE
    CACHE 1
);


--
-- Name: base_app_invitecode; Type: TABLE; Schema: public; Owner: vazifa_user
--

CREATE TABLE public.base_app_invitecode (
    id bigint NOT NULL,
    code character varying(50) NOT NULL,
    created_by character varying(50) NOT NULL,
    is_used boolean NOT NULL,
    used_by character varying(50),
    created_at timestamp with time zone NOT NULL,
    used_at timestamp with time zone
);


ALTER TABLE public.base_app_invitecode OWNER TO vazifa_user;

--
-- Name: base_app_invitecode_id_seq; Type: SEQUENCE; Schema: public; Owner: vazifa_user
--

ALTER TABLE public.base_app_invitecode ALTER COLUMN id ADD GENERATED BY DEFAULT AS IDENTITY (
    SEQUENCE NAME public.base_app_invitecode_id_seq
    START WITH 1
    INCREMENT BY 1
    NO MINVALUE
    NO MAXVALUE
    CACHE 1
);


--
-- Name: base_app_student; Type: TABLE; Schema: public; Owner: vazifa_user
--

CREATE TABLE public.base_app_student (
    id bigint NOT NULL,
    telegram_id character varying(50) NOT NULL,
    full_name character varying(255) NOT NULL,
    group_id bigint
);


ALTER TABLE public.base_app_student OWNER TO vazifa_user;

--
-- Name: base_app_student_id_seq; Type: SEQUENCE; Schema: public; Owner: vazifa_user
--

ALTER TABLE public.base_app_student ALTER COLUMN id ADD GENERATED BY DEFAULT AS IDENTITY (
    SEQUENCE NAME public.base_app_student_id_seq
    START WITH 1
    INCREMENT BY 1
    NO MINVALUE
    NO MAXVALUE
    CACHE 1
);


--
-- Name: base_app_task; Type: TABLE; Schema: public; Owner: vazifa_user
--

CREATE TABLE public.base_app_task (
    id bigint NOT NULL,
    file_link text,
    grade smallint,
    submitted_at timestamp with time zone NOT NULL,
    student_id bigint NOT NULL,
    topic_id bigint NOT NULL,
    task_type character varying(20) NOT NULL,
    test_answers character varying(255),
    test_code character varying(50),
    CONSTRAINT base_app_task_grade_check CHECK ((grade >= 0))
);


ALTER TABLE public.base_app_task OWNER TO vazifa_user;

--
-- Name: base_app_task_id_seq; Type: SEQUENCE; Schema: public; Owner: vazifa_user
--

ALTER TABLE public.base_app_task ALTER COLUMN id ADD GENERATED BY DEFAULT AS IDENTITY (
    SEQUENCE NAME public.base_app_task_id_seq
    START WITH 1
    INCREMENT BY 1
    NO MINVALUE
    NO MAXVALUE
    CACHE 1
);


--
-- Name: base_app_topic; Type: TABLE; Schema: public; Owner: vazifa_user
--

CREATE TABLE public.base_app_topic (
    id bigint NOT NULL,
    title character varying(255) NOT NULL,
    created_at timestamp with time zone NOT NULL,
    is_active boolean,
    correct_answers jsonb
);


ALTER TABLE public.base_app_topic OWNER TO vazifa_user;

--
-- Name: base_app_topic_id_seq; Type: SEQUENCE; Schema: public; Owner: vazifa_user
--

ALTER TABLE public.base_app_topic ALTER COLUMN id ADD GENERATED BY DEFAULT AS IDENTITY (
    SEQUENCE NAME public.base_app_topic_id_seq
    START WITH 1
    INCREMENT BY 1
    NO MINVALUE
    NO MAXVALUE
    CACHE 1
);


--
-- Name: django_admin_log; Type: TABLE; Schema: public; Owner: vazifa_user
--

CREATE TABLE public.django_admin_log (
    id integer NOT NULL,
    action_time timestamp with time zone NOT NULL,
    object_id text,
    object_repr character varying(200) NOT NULL,
    action_flag smallint NOT NULL,
    change_message text NOT NULL,
    content_type_id integer,
    user_id integer NOT NULL,
    CONSTRAINT django_admin_log_action_flag_check CHECK ((action_flag >= 0))
);


ALTER TABLE public.django_admin_log OWNER TO vazifa_user;

--
-- Name: django_admin_log_id_seq; Type: SEQUENCE; Schema: public; Owner: vazifa_user
--

ALTER TABLE public.django_admin_log ALTER COLUMN id ADD GENERATED BY DEFAULT AS IDENTITY (
    SEQUENCE NAME public.django_admin_log_id_seq
    START WITH 1
    INCREMENT BY 1
    NO MINVALUE
    NO MAXVALUE
    CACHE 1
);


--
-- Name: django_content_type; Type: TABLE; Schema: public; Owner: vazifa_user
--

CREATE TABLE public.django_content_type (
    id integer NOT NULL,
    app_label character varying(100) NOT NULL,
    model character varying(100) NOT NULL
);


ALTER TABLE public.django_content_type OWNER TO vazifa_user;

--
-- Name: django_content_type_id_seq; Type: SEQUENCE; Schema: public; Owner: vazifa_user
--

ALTER TABLE public.django_content_type ALTER COLUMN id ADD GENERATED BY DEFAULT AS IDENTITY (
    SEQUENCE NAME public.django_content_type_id_seq
    START WITH 1
    INCREMENT BY 1
    NO MINVALUE
    NO MAXVALUE
    CACHE 1
);


--
-- Name: django_migrations; Type: TABLE; Schema: public; Owner: vazifa_user
--

CREATE TABLE public.django_migrations (
    id bigint NOT NULL,
    app character varying(255) NOT NULL,
    name character varying(255) NOT NULL,
    applied timestamp with time zone NOT NULL
);


ALTER TABLE public.django_migrations OWNER TO vazifa_user;

--
-- Name: django_migrations_id_seq; Type: SEQUENCE; Schema: public; Owner: vazifa_user
--

ALTER TABLE public.django_migrations ALTER COLUMN id ADD GENERATED BY DEFAULT AS IDENTITY (
    SEQUENCE NAME public.django_migrations_id_seq
    START WITH 1
    INCREMENT BY 1
    NO MINVALUE
    NO MAXVALUE
    CACHE 1
);


--
-- Name: django_session; Type: TABLE; Schema: public; Owner: vazifa_user
--

CREATE TABLE public.django_session (
    session_key character varying(40) NOT NULL,
    session_data text NOT NULL,
    expire_date timestamp with time zone NOT NULL
);


ALTER TABLE public.django_session OWNER TO vazifa_user;

--
-- Data for Name: auth_group; Type: TABLE DATA; Schema: public; Owner: vazifa_user
--

COPY public.auth_group (id, name) FROM stdin;
\.


--
-- Data for Name: auth_group_permissions; Type: TABLE DATA; Schema: public; Owner: vazifa_user
--

COPY public.auth_group_permissions (id, group_id, permission_id) FROM stdin;
\.


--
-- Data for Name: auth_permission; Type: TABLE DATA; Schema: public; Owner: vazifa_user
--

COPY public.auth_permission (id, name, content_type_id, codename) FROM stdin;
1	Can add log entry	1	add_logentry
2	Can change log entry	1	change_logentry
3	Can delete log entry	1	delete_logentry
4	Can view log entry	1	view_logentry
5	Can add permission	2	add_permission
6	Can change permission	2	change_permission
7	Can delete permission	2	delete_permission
8	Can view permission	2	view_permission
9	Can add group	3	add_group
10	Can change group	3	change_group
11	Can delete group	3	delete_group
12	Can view group	3	view_group
13	Can add user	4	add_user
14	Can change user	4	change_user
15	Can delete user	4	delete_user
16	Can view user	4	view_user
17	Can add content type	5	add_contenttype
18	Can change content type	5	change_contenttype
19	Can delete content type	5	delete_contenttype
20	Can view content type	5	view_contenttype
21	Can add session	6	add_session
22	Can change session	6	change_session
23	Can delete session	6	delete_session
24	Can view session	6	view_session
25	Can add group	7	add_group
26	Can change group	7	change_group
27	Can delete group	7	delete_group
28	Can view group	7	view_group
29	Can add topic	8	add_topic
30	Can change topic	8	change_topic
31	Can delete topic	8	delete_topic
32	Can view topic	8	view_topic
33	Can add student	9	add_student
34	Can change student	9	change_student
35	Can delete student	9	delete_student
36	Can view student	9	view_student
37	Can add task	10	add_task
38	Can change task	10	change_task
39	Can delete task	10	delete_task
40	Can view task	10	view_task
41	Can add invite code	11	add_invitecode
42	Can change invite code	11	change_invitecode
43	Can delete invite code	11	delete_invitecode
44	Can view invite code	11	view_invitecode
\.


--
-- Data for Name: auth_user; Type: TABLE DATA; Schema: public; Owner: vazifa_user
--

COPY public.auth_user (id, password, last_login, is_superuser, username, first_name, last_name, email, is_staff, is_active, date_joined) FROM stdin;
1	pbkdf2_sha256$1000000$0AHEn9UGQXXuxoyzC56cMn$lp8tKQCLW21xnFAGw9pQXaiL7IZqT2z8/0XmqCKfHv0=	2025-11-16 16:15:50.399645+05	t	a				t	t	2025-09-18 21:36:01.058+05
\.


--
-- Data for Name: auth_user_groups; Type: TABLE DATA; Schema: public; Owner: vazifa_user
--

COPY public.auth_user_groups (id, user_id, group_id) FROM stdin;
\.


--
-- Data for Name: auth_user_user_permissions; Type: TABLE DATA; Schema: public; Owner: vazifa_user
--

COPY public.auth_user_user_permissions (id, user_id, permission_id) FROM stdin;
\.


--
-- Data for Name: base_app_group; Type: TABLE DATA; Schema: public; Owner: vazifa_user
--

COPY public.base_app_group (id, name, telegram_group_id, invite_link) FROM stdin;
8	MD A2	-1003418314359	https://t.me/+5wUreWOIXMw2MjEy
7	MD A1	-1002931553819	https://t.me/+3-i4vtsqG75mODdi
10	MD A4	-1003008410962	https://t.me/+PuJTiaMqMD40YTg6
11	MD A5	-1003474184034	https://t.me/+23JiWaBdVJYyYzQy
12	MD A6	-1003457758952	https://t.me/+IBpDnWi2hJJjNjc6
13	MD A7	-1003400843670	https://t.me/+Rk2JwiTdDqYyNjcy
14	MD A8	-1003494621538	https://t.me/+7vjUt_mEu_ZjM2Zi
15	MD A9	-1003399528751	https://t.me/+nCdx0_Fxkmk3Yjgy
16	MD A10	-1003279860059	https://t.me/+Dw4LtPKOCnxlNWZi
17	MD A11	-1003280813932	https://t.me/+_XxnLovshZplOGY6
18	MD A12	-1003453040737	https://t.me/+356NEfwwAM5jM2U6
19	MD A13	-1003183681910	https://t.me/+JbczBgSvUB03NDAy
20	MD A14	-1003266519817	https://t.me/+VXJIjcFQs35hZWZi
21	MD A15	-1003434735608	https://t.me/+LbcwUIsoPE9iMTYy
22	MD A16	-1002667378632	https://t.me/+WhD-gNjWjn4xMTcy
23	MD B1	-1003407159196	https://t.me/+Du2MFiWcb2kzNGEy
24	MD B2	-1003316949099	https://t.me/+wf5q3xjba05kMTIy
25	MD B3	-1003301420407	https://t.me/+9ro7No7AT3MwZTVi
26	MD B4	-1003423997352	https://t.me/+ZyHNJJFfsjIyMjcy
27	MD B5	-1003435562591	https://t.me/+jz-Kbnsw_S0yMzIy
28	MD B6	-1003283431369	https://t.me/+OgATtITwB7lhMWFi
29	MD B7	-1003415843414	https://t.me/+0bkrNFIXK8A4NWFi
30	MD B8	-1003495957151	https://t.me/+DIIrpeCAnYowOGIy
31	MD B9	-1003402441633	https://t.me/+8DRr_HMOE31kZWU6
32	MD B10	-1003393355112	https://t.me/+_2xcLa3SRVY4OGEy
33	MD B11	-1003411974934	https://t.me/+4YlAJYEv3qhiMThi
34	MD B12	-1003053895873	https://t.me/+NJkDtyBNz3RkMTEy
35	MD B13	-1003331868041	https://t.me/+poussPJSQkA5MjVi
36	MD B14	-1003457119402	https://t.me/+VoHEQ6-krBk2Yjdi
37	MD B15	-1003499742577	https://t.me/+BGgl8pdMQVExZTgy
38	MD B16	-1003427665917	https://t.me/+LHJJdorgsMlmZThi
9	MD A3	-1003424713802	https://t.me/+LpNL0wogveliODky
39	MD C1	-1003008301479	https://t.me/+v767UHTfXhozMTk6
40	MD C2	-1003493790995	https://t.me/+QAZz8440YQ1mN2My
41	MD C3	-1003360421683	https://t.me/+utWep19jxZRjNmQy
42	MD C4	-1003279878973	https://t.me/+rvcre6HK0F1lZDQy
43	MD C5	-1003491420333	https://t.me/+yAmc_CqAXlNhNTEy
44	MD C6	-1003483379178,	https://t.me/+3n05kDIbOwk4YjMy
45	MD C7	-1003393598502,	https://t.me/+XNpf8vFQauhjMTMy
46	MD C8	-1003494083752,	https://t.me/+M_UdBFCRAUA1NGIy
47	MD C9	-1003357825298,	https://t.me/+aAQi0CppZfNhNjIy
48	MD C10	-1003443664337,	https://t.me/+wliXEXDXXQ9hNzRi
51	MD C13	-1003446657301	https://t.me/+2k7O9UBNCiw5YmE6
49	MD C11	-1003407657643	https://t.me/+q0FyAYY71B4wNDE6
50	MD C12	-1003495490332	https://t.me/+P8_F4xAKsWY4YTA6
\.


--
-- Data for Name: base_app_invitecode; Type: TABLE DATA; Schema: public; Owner: vazifa_user
--

COPY public.base_app_invitecode (id, code, created_by, is_used, used_by, created_at, used_at) FROM stdin;
1	03a91c1b	1811507184	t	1811507184	2025-10-29 09:53:06.187+05	2025-10-29 09:53:35.102+05
2	32b21d67	1811507184	f	\N	2025-10-29 09:55:01.518+05	\N
3	6c220c67	1811507184	t	1062271566	2025-10-29 10:15:27.088+05	2025-10-29 10:15:56.89+05
4	722f4a81	1811507184	t	1811507184	2025-10-29 10:22:31.816+05	2025-10-29 10:22:39.789+05
5	69cca935	1811507184	f	\N	2025-10-29 10:35:17.889+05	\N
6	e5be00f4	1811507184	f	\N	2025-10-29 10:35:50.807+05	\N
7	c5f83a11	1062271566	t	1811507184	2025-10-29 11:59:11.131+05	2025-10-29 11:59:17.497+05
8	65496d70	1062271566	t	1811507184	2025-10-29 12:00:00.951+05	2025-10-29 12:00:10.033+05
9	84a271ea	1062271566	t	1811507184	2025-10-29 12:01:27.465+05	2025-10-29 12:01:36.66+05
10	8c6465b7	1062271566	t	1811507184	2025-10-29 12:03:13.942+05	2025-10-29 12:03:33.704+05
11	910d0c1c	1062271566	t	1811507184	2025-10-29 12:28:19.968+05	2025-10-29 12:28:27.643+05
12	a680bfd3	1062271566	t	1811507184	2025-10-29 12:31:47.823+05	2025-10-29 12:31:53.878+05
13	a588e034	1062271566	t	1811507184	2025-10-29 12:39:45.154+05	2025-10-29 12:39:51.871+05
14	e2b95a65	1062271566	t	1811507184	2025-10-29 12:50:59.765+05	2025-10-29 12:51:05.624+05
15	d04212fb	1062271566	t	1811507184	2025-10-29 16:11:23.509+05	2025-10-29 16:11:29.575+05
16	9a7da7a6	1062271566	t	1811507184	2025-10-29 16:43:01.697+05	2025-10-29 16:43:07.455+05
17	76616da1	1062271566	t	1811507184	2025-10-29 17:03:41.024+05	2025-10-29 17:03:56.095+05
18	0fa9e9a1	1062271566	t	1811507184	2025-10-30 09:03:44.979+05	2025-10-30 09:04:31.385+05
19	5739926e	1062271566	t	1811507184	2025-10-30 09:33:15.937+05	2025-10-30 09:33:21.745+05
20	5de2d175	1062271566	t	1811507184	2025-10-30 09:37:07.636+05	2025-10-30 09:37:13.256+05
21	f09f6b9b	1062271566	t	1811507184	2025-10-30 09:44:50.363+05	2025-10-30 09:45:16.5+05
22	3c429aa3	1062271566	t	1811507184	2025-10-30 09:57:03.906+05	2025-10-30 09:57:13.6+05
23	2dfd4660	1062271566	t	1811507184	2025-10-30 10:01:15.35+05	2025-10-30 10:01:24.932+05
24	91cad9c9	1062271566	t	1811507184	2025-10-30 10:03:15.413+05	2025-10-30 10:03:23.469+05
25	6be0db9d	1062271566	t	1811507184	2025-10-30 14:12:23.029+05	2025-10-30 14:13:50.5+05
26	b10f735d	1062271566	t	1811507184	2025-10-30 14:18:15.944+05	2025-10-30 14:18:22.199+05
27	2063fc79	1062271566	t	1811507184	2025-10-30 14:43:31.354+05	2025-10-30 14:43:52.007+05
28	cfae1f1a	1062271566	t	1811507184	2025-10-30 14:47:25.132+05	2025-10-30 14:47:41.34+05
29	528a7ea4	1062271566	t	1811507184	2025-10-30 14:51:01.135+05	2025-10-30 14:51:15.736+05
30	ea08bdff	1062271566	t	1811507184	2025-10-30 15:08:19.23+05	2025-10-30 15:10:12.732+05
31	7df6c73e	1062271566	t	1811507184	2025-10-30 15:25:57.542+05	2025-10-30 15:26:06.657+05
32	531d0451	1062271566	t	1811507184	2025-10-30 15:28:47.335+05	2025-10-30 15:29:08.778+05
33	14f5b612	1062271566	t	1811507184	2025-10-30 15:53:35.574+05	2025-10-30 15:53:55.061+05
34	c076ee3c	1062271566	t	1811507184	2025-10-30 16:04:39.23+05	2025-10-30 16:05:00.335+05
35	0c62a5d4	1062271566	t	1811507184	2025-10-30 16:06:53.519+05	2025-10-30 16:06:58.608+05
36	967f3402	1062271566	t	1811507184	2025-10-30 16:11:12.14+05	2025-10-30 16:11:29.954+05
37	04f307bd	1062271566	t	1811507184	2025-10-31 10:06:30.063+05	2025-10-31 10:07:24.76+05
38	373f79a3	1062271566	t	1811507184	2025-10-31 10:50:21.948+05	2025-10-31 10:50:31.987+05
39	3b80d1b9	1062271566	t	1811507184	2025-10-31 10:54:40.426+05	2025-10-31 10:54:59.04+05
40	1e61363f	1062271566	t	1811507184	2025-10-31 10:56:52.993+05	2025-10-31 10:57:14.276+05
41	1bb0332e	1062271566	t	1811507184	2025-10-31 10:59:50.87+05	2025-10-31 11:00:17.433+05
42	3c32a84f	1062271566	t	1811507184	2025-10-31 11:40:52.721+05	2025-10-31 11:41:48.137+05
43	64e9eb2f	1062271566	f	\N	2025-11-03 10:13:26.244+05	\N
44	754951af	1062271566	t	1811507184	2025-11-03 10:15:20.167+05	2025-11-03 10:15:25.425+05
45	e5489118	1062271566	t	1811507184	2025-11-03 10:26:40.709+05	2025-11-03 10:26:48.239+05
46	3cd704fe	1062271566	t	1811507184	2025-11-03 10:44:56.496+05	2025-11-03 10:45:28.938+05
47	126ddd72	1062271566	f	\N	2025-11-03 10:56:36.558+05	\N
48	294e4f96	1062271566	t	1811507184	2025-11-03 10:57:21.418+05	2025-11-03 10:57:32.071+05
49	2ab8a00b	1062271566	t	1811507184	2025-11-03 11:00:27.677+05	2025-11-03 11:00:45.991+05
50	54d50e66	1062271566	t	1811507184	2025-11-03 11:27:22.696+05	2025-11-03 11:27:31.72+05
51	53a07a99	1062271566	t	1811507184	2025-11-03 11:32:38.218+05	2025-11-03 11:32:43.567+05
52	268f45ec	1062271566	f	\N	2025-11-12 09:30:20.008+05	\N
\.


--
-- Data for Name: base_app_student; Type: TABLE DATA; Schema: public; Owner: vazifa_user
--

COPY public.base_app_student (id, telegram_id, full_name, group_id) FROM stdin;
11734	268078876	Berdibekova Gulandon	7
11735	7712204856	Hamdamova Zumrad	7
11736	847961162	Almardonov Jovli Xushboqovich	7
11737	8152621413	Hamroyeva Husniya	7
11738	5089546895	Masharipova Donoxon	7
11739	7955519718	Abdullayeva Hurriyat	7
11740	7284552708	Muhammad Yusupov	7
11741	5897242636	Ra'noxon Soliyeva	7
11742	5447977658	Azizbek Kamoldinov	7
11743	8167965475	Muhammadali qo'shmurodov	7
11744	650515289	Gaffarova Xonzoda	7
11745	319838729	Isaqova Feruza	7
11746	552692832	Rahmonova Nigora	7
11747	7952798455	Qo'shmuradov Lazizjon	7
11748	5601037115	Djanabergenova Gulzipa	7
11749	910478309	Qayumova Gulnoza	7
11750	1694830957	Bozorov Xudaynazar	7
11751	347699795	Абдурахимова Фарида	7
11752	611021280	Муродулло Деҳқонов	7
11753	6392737432	Gʻolib Abdurakhimov	7
11754	1073485167	Xamidov Abbos	7
11755	1797906057	Nafosat Olimboyeva	7
11756	997719360	Abdurasulieva Feruza	7
11757	1621240578	Nurullayev Shuxrat	7
11758	957262695	G'oziyeva Nazokat	7
11759	7187504735	Tilavova Risolat	7
11760	111558111	Ostonov Mashrab	7
11761	94386299	Tashev Jasur	7
11762	1944351222	Nodirabonu  No‘monova	7
11763	751305682	Jalilov Anvar	7
11764	6623164044	Mamajonova Dilrabo	7
11765	8365246506	Abdulhay Jumanov	7
11766	8241931329	Abdulxamidov Alisher	7
11767	6704669484	Eshpulatova Kumush	7
11768	7801495009	Husenova Nigora	7
11769	7395973577	Salimjonova Irodaxon	7
11770	2088535723	Abdunazarova Laylo	7
11771	1339178676	Toshmatova Irodaxon	7
11772	1871723673	Jo'rayeva Gulnoza	7
11773	6621564176	ABROROVA FARANGIZ	7
11774	7937477495	Abduhakimov Namurjon	7
11775	815645958	Shonazarova Madina	7
11776	6327404434	Kanatbayeva Aynur	7
11777	994356738	Nazirov Dilyor	7
11778	5304094321	Utkir muxatrov	7
11779	7408333262	Turdiboyeva Aziza Baxodir qizi	7
11780	1256835855	Aliyeva Dilnoza	7
11781	520527767	Feruza Turayeva	7
11782	1107547043	Xolboyeva Xaticha	7
11783	1040727866	Nazirova Dilfuza	7
11784	1677112017	Samanova Zubayda	7
11785	8059320460	Ismoilova Mahbuba	8
11786	1134696661	Shohista Sag'dullayeva	8
11787	6307256856	Saydaliyev Jamshid	8
11788	5919885795	/topics	8
11789	5590816339	Usmonova Nuriya	8
11790	657997767	Imomaddin Sogʼindikov	8
11791	1656394114	Maxammadjonov Maqsadjon	8
11792	7091438061	Isoqova Dilovar	8
11793	2079982998	Jalolova Nargiza	8
11794	70789962	Shakhzod Urinbaev	8
11795	119839588	Kamola Madina	8
11796	5109977098	Mamadaliyeva Feruza	8
11797	7496746418	Sultonova Zarnigor	8
11798	1733823939	Donayeva Sabohat	8
11799	7146365579	Nasiba Abduvohidova	8
11800	64335224	Ziyoudin Shoxobiddinov	8
11801	597124159	Umidjon Turĝunboyev	8
11802	5473608296	Gulruh Egamova	8
11803	6678953383	Charos Yuldosheva	8
11804	1791215985	Bekturdiyev Zufarbek	8
11805	352453192	Umurov Fozil	8
11806	394299097	Aldabergenova Gulnur	8
11807	7066953373	Umirzaqova Gulira'no	8
11808	7674928884	Esirgapov Doniyor	8
11809	2127269735	Ziyayeva Mahliyo Abdurahimovna	8
11810	5010046429	Toshpolatova Durdonaxon	8
11811	7049221596	Matkarimova Dilnoza	8
11812	285543342	Uzakova Mexriniso	8
11813	753900946	Abdisait  Choriyev	8
11814	5818435286	Ibragimova Lobar	8
11815	1453515849	Shamuratova Surayyo	8
11816	1519726852	Chorshanbiyev Erkin	8
11817	8441364803	Math Lover	8
11818	606035099	Muxtor Baxodirovich	8
11819	6897102980	Olimova Gulmira	8
11820	1346355024	Allamurodov Otabek	8
11821	1255883734	Mirzayeva Nurjaxon	8
11822	1932322038	Sobirov Ma'ruf	8
11823	415309601	Yusupova Dildora	8
11824	1677987803	Rahimov Jamshid	8
11825	2053043463	Abdullayeva Nargiza	8
11826	7996437038	Xolmirzayeva Nigora	8
11827	1676194648	Shermamatova Nigina	8
11828	152145521	Dilnoza Umarova	8
11829	1934271346	Berdiyeva Barno	8
11830	989562040	Nafosat Egamberdiyeva	8
11831	1970180192	Sattarova Raʼno	8
11832	215358244	Туйчиева Камола	8
11833	6098238982	Abdumannopova Hilola	8
11834	1054534308	Ustemirova Ziyoda	8
11835	600716897	Hasan Mamatqulov.	8
11836	1073833652	NIGORA FOZILOVA	8
11837	6907323369	Hamroyeva Rohatoy	8
11838	599403871	Mansurova Zulayho	8
11952	919719602	Yunusov Tura	11
11839	665989646	Musayeva Nigora	9
11840	7140176129	Shoxliyeva Durdona	9
11841	783850298	G'ulomova Maftuna	9
11847	5482867600	Hayitova Sevara	9
12943	8003748003	Xoliqova Nigoraxon	30
12945	502170010	Dilafruz Beknazarova	31
12947	406043764	Ergashev Gʻulomjon	31
12948	7878155279	Guli Raximova	31
12968	513221832	Qalandarova Sadoqat	31
12982	1291853419	Abduraximova Maftuna	31
12985	1848984610	Mirzayeva Mavluda	31
13010	824696437	Quvonchbek Xonimqulov	32
13012	8339987218	Abduqahorova Shoxista	32
13013	7087743375	Gulzoda Mamayusupova	32
13044	1359300268	Alimov Nurislom	32
13045	7419982496	Madumarova Umidaxon	32
13079	7595277965	Уразимбетова Угилой	33
13105	917382644	Naxalova Baxtigul	34
13107	528356435	Shahlo Bafoyevna	34
13123	1964804329	Rizayeva Rayhon	34
13146	897056482	Anvarjonov Muhammadmirzo	34
13149	1314541100	Sharipov Rashid	34
13168	6144091475	Nuraliyeva Gulnoza	26
13187	660501310	Solijonova Madinaxon	35
13206	936585247	Abdurasulova Faridaxon	36
13231	5230276645	Ibroximova Sevara	36
13233	8269179308	Sanoyeva Zarnigor	36
13261	1145961022	Beknazarova Adolat	37
13264	872183678	Dedaboyeva Zamira	37
13287	8004638212	Bekmanova Dilnoza	37
13288	7039810260	Yuldasheva Nargiza	37
13307	6132952302	Xudoyberdiyeva  Sabohat	37
13308	1179609777	Dilnavoz Shirinova	37
13322	825257160	Xusniddinova Nafisa	38
13340	975750355	Uzaqov Nazir	38
13342	5054712723	Islomova E’zoza	38
13357	8408333501	Choriyeva xolida	38
13379	7153735243	Muxlisa Fayzullayeva	39
13382	627135360	Mamatojiyeva Muslima	39
13396	7925787335	Murodullayeva Mohinur	39
13410	5479722814	Dildora Tojiboyeva	39
13429	891298020	Mirzakarimova Jannatoy	40
13445	1618278696	Suyunova Iroda	40
13459	1437980205	Maftuna  Yusupova	40
13475	8033948508	Musabekov Bolbek	41
13495	8527627684	Aminova Mahliyo	41
13508	8197634727	Sayidov Behzod	38
13522	7896047119	Sobirova Dilnoza	42
13527	7018902686	Xakimjonova Zarnigor	42
13543	1830759513	Фотимахон Хакимовна	42
13544	7939420641	Eshtayeva Nilufar	42
13576	383053913	Ma'rifat Isakjanova	43
13577	987383342	Murodova Ozoda	43
13601	1002801995	Toreniyazova Oralxan	43
13602	883631205	Xayitmuratova Elmira	43
13603	773840626	Botirova O'g'iloy	43
13623	5881325581	Sattorova Gulfiya	43
13638	8141013063	Qodirova Maqsuda	44
13653	509934746	KABIROVA NAVRO'ZA	44
13671	7151341930	Nabijonov Nodirbek	44
13687	1186885506	Abdullayeva Dilnoza	45
13703	5552404986	Aliyeva Ma'rifat	45
13717	1199659102	Mirpayziyeva Gavharoy	45
13718	162647131	Qodirov Abduzukur	45
13737	6658909991	Davlatov Sayid	46
13756	1184418401	Комилова Наргиза	46
13757	1950325898	Muhabbatova Barno	46
13759	7320487591	Rasulov Sirojiddin	46
13775	606263255	Mavlonov Olloyor	46
13795	545230507	Ибрагимова Дамира	47
13812	6373269844	Majidova Mavluda	47
13828	1324263217	Quchqorova Dilrabo	47
13847	6673098655	Mirzayeva Muslimaxon	48
13866	913612413	Кенжабоева Мунира	48
13882	5468654530	Allonboyeva Gulbahor	48
13895	1193800957	Shukurova Mastura	49
13911	6867085552	Nodira Niyazimbetova	49
13924	6777438251	Aziza Imomova	49
13939	7321319694	Djumabayeva Shaxsanam	49
13952	1807243997	Marjona Qurbonova	50
13965	8486714556	Abdullayeva Sharofatxon	50
11842	877621683	Abdukodirova Dilrabo	9
11844	242189838	Sonsizov Xasanboy	9
11845	1300412008	Эшназарова саломат	9
12944	616397888	Usmonova Dilsora	30
12946	7296384704	To'ychiyeva Yulduzxon	31
12950	5363160559	Saidova umida	31
12969	5533480247	Xoliqjonova Gulchexra	31
12983	534807378	Dehqonov G‘olibjon	31
13011	1910966809	Elyor Vaisov	32
13046	2055977723	Abdulhofizov Muhammadyusuf	33
13050	1958732206	Karamanova  Nargiza	33
13083	530784034	Narzullayeva Sayyora	33
13086	1670297195	Bekjanov Bekjonboy	33
13106	7314733549	Xasanova Safura	34
13124	6080731593	Masharipov To'lqinbek	34
13147	385281568	Ziyoda Karimova	34
13148	5120371935	Turgunova Mushtari	34
13169	2042118911	Axmadova Marjona	35
13170	5702988311	Zoyirova  Umida	35
13188	650252480	Sevara Tojiddinova	35
13207	799440855	Ismoilova Mashhura	36
13232	8494964756	Ali vali	36
13234	5347313039	Abdurazzoq Parpiyev	36
13237	8441622419	Мирзаева Масъуда	36
13262	8090336307	Dehqonova Dildora	37
13263	6943907951	Muxlisa	37
13266	7581664813	Raximbayev Yo'ldoshboy	37
13267	6300305244	Tulaganov Baxtiyor	37
13289	379282488	Xudaynazarova Guzal	37
13290	7802209261	Abdurahmonova Dilorom	37
13309	1153095308	Sodiqova Yorqinoy	37
13323	6112756972	Элмуродов сухроб	38
13341	5396147793	Jalolova Zarina	38
13343	1304095530	Xolmanov Asilbek	38
13359	8513565489	To'xtasheva Muyassar	38
13360	2069595455	Xolmatov Muxriddin	38
13380	931399462	Ibraymova Saltanat	39
13381	725752951	Durdona Eshboboyeva	39
13384	874584425	Tashbayeva Latofat	39
13397	561684286	Mamutaliyeva Nigora	39
13411	822775617	Sabirova Shohista	39
13412	5623266839	Zaynixonova Shoxsanam	39
13413	6839565833	Sitora Nargiza	39
13430	8567705975	Djalilov Inomjon	40
13446	5161417437	Raximbayeva Nilufar	40
13461	1544116953	Qarshiboyeva Gulmira	40
13476	7313239310	Jamila Uzaqbaeva	41
13477	7909580897	Abdiraxmonova Iroda	41
13478	7072041293	Dedamirzayeva Zilola	41
13496	424828138	Nematova Olimaxon	41
13509	413040870	Kengesbaeva Dilfuza	41
13523	6689193423	Ruziyeva Madina	42
13526	7964456364	Haqnazarov Bekzod	42
13545	1815531251	Abdumannopova Hayitoy	42
13579	6486879591	Malikov Hasanboy	43
13582	8108375147	Boyqobilov Eshquvvat	43
13604	1138687831	Quvatov Mahmud	43
13610	681537707	Rejabova Gulnoza	43
13624	6511161169	Oyimchaxon Asronova	44
13639	8522749332	Muqaddas Jabborova	44
13654	8297508781	Normatova Ozoda	44
13672	7603317801	Mamajonova Feruza	44
13673	1607040673	Dilrabo Ashirmatova	44
13688	820953739	Ibroximova Barchinoy	45
13690	8276419404	Jaqsimuratov Timur	45
13704	570287696	Guljahon Abdiraximovna	32
13719	1562632068	Najimova Zarina	45
13720	6534706062	Zarifa Rustamova	45
13738	6384356021	Hakimova Shohida	46
13758	892337308	Mahfuza Abduqodirova	46
13760	2081710855	G'ofurova Sevara	46
13762	246305678	Rafiqova Nazira	46
13776	842035697	Ibatova Nargiza	46
13796	1969064922	Tangirqulova Zebiniso	47
13797	8235397801	Joʻrayeva Qunduzxon	47
13798	995356619	Dilfuza Komilova	47
13813	1061824362	Ro'ziboyeva Sabohat	47
13829	298499914	Ismoilova Muattar	47
13848	649178287	Axunova Shaxlo	48
13850	6663188774	Zaripova Nargiza	48
13851	746142695	Mirzoxid Tolliyev	48
13867	745454518	Xudoberdi Mirodilov	48
13883	1311190154	Tangirov Jo'rabek	48
13896	959411906	Jo'rayev Odobjon	49
13912	707727509	Otajonova Odinaxon	49
13925	8448870652	Nafasat Ibrogimovna	49
13940	548047968	Islombek Solijonov	50
13953	5741476375	Yusupov Shaxzod	50
13966	186367926	Каюмова Ирода	50
11843	8575421581	Agabaeva sholpanay	9
11846	819327642	Shahnoza Tursunova	9
11848	1242276150	Shaxobova Nigora	9
11849	7687062874	Eshmatov Qo‘qon	9
11850	142933347	Sitora Asomova	9
11851	5425191880	Sevara Qurbonova	9
11852	408566339	Haqberdiyev Qodir	9
11853	8180037671	Norqulov Xamidullo	9
11854	947803313	Xoliqulova Surayyo	9
11855	7336401253	Shodmonova Sevara	9
11856	5830371491	Xasanova Gullola	9
11857	8588928317	Tilavova Mehrinoz Murodulla qizi	9
11858	6770028986	Askarova Durdona	9
11859	7790972278	Raupova Donogul	9
11860	7219681540	Ahmadaliyeva Sojida	9
11861	527738695	Anvar Abdurahimov	9
11862	1884622824	Abdullayev Doniyorbek	9
11863	806952496	Shamuratova Jamila	9
11864	59626916	Ortiqboyev Islombek	9
11865	6538391567	Halilova Maftuna	9
11866	5072124694	Qurbonova Sayyora	9
11867	396911444	Jurayeva Shaxnoza	9
11868	776460008	Gulzamira Abutalieva	9
11869	7551996537	Tajibayeva Aynur	9
11870	1096324713	Xudoyberdiyeva Dildora	9
11871	5729117882	Umurova Gulchiroy	9
11872	650332222	Shaxlo Safarova	9
11873	1954903074	Abdurasulova Damira	9
11874	6569855178	Mingyasharova Dilorom	9
11875	785515744	Raximova Muxayyo	9
11876	1003661842	Sadoqat Jo'raqulova	9
11877	140594017	Mo'minova Shohista	9
11878	7297655771	Nematova Mahliyo	9
11879	806342549	Malika Farhodova	9
11880	926028069	Jo'rayeva Nargiza	9
11881	7899689613	Jo’rayeva Shodiya	9
11882	1173564415	Shoxida Baxramova	9
11883	7968532997	Maxliyo Axmadjonova	9
11884	956852355	Rsnazarova Zinura	9
11885	5594977308	Azimova Sadoqat	9
11886	6760162170	Mahliyo Ziyodullayeva	9
11887	6451729768	Asila Ne'matjonova	9
11888	627171698	Shaxnoza Uzoqova	9
11889	1112725505	Toshniyozova Mahliyo	10
11890	657110145	Anvar Salimov	10
11891	1004686034	O'rinova Zulayho	10
11892	8228184874	VALIYEVA IRODAXON	10
11893	1560108419	Shukrullayeva Yulduz	10
11894	6350555450	Poʻlatova Nargiza	10
11895	1963838935	Mamatova Ra'no	10
11896	1065457765	Askarova Arzayim	10
11897	1568911115	Oromova Durdona	10
11898	7310601907	Мирзахмедова Ёркиной	10
11899	8008743651	Aminjonova Nozilaxon	10
11900	655261476	Inomjonov G'olibbek	10
11901	6813253304	Xoshimova Muhayyo	10
11902	5605001434	Xolmurodova Guldasta	10
11903	451618198	Dilfuza Bekchanova	10
11904	369973656	Ummatov Bunyod	10
11905	5167094780	Mamasodiqova Umida	10
11906	342394924	Maftuna Xasanovna	10
11907	5318352731	Jalilova Zulfiya	10
11908	1591446359	Yunusov Azizbek	10
11909	118822079	Yuldasheva  Lobar	10
11910	5080099993	Akramova Hilola	10
11911	8046718579	Kamoliddin Nuriddinov	10
11912	261331556	Asilbek Turobov	10
11913	7019739904	Dilmonova Nigora	10
11914	6390886807	Qayumov Tulqin	10
11915	63164146	Nabiyev Sherzod	10
11916	7923400135	Sidikova Madina	10
11917	5668784827	Jo'rayeva Yulduz	10
11918	923610691	Rashidova Mahbuba	10
11919	8159225675	Hamroyev Aslbek	10
11920	5447954455	To'xtamishova Rushana	10
11921	2109767371	Normirzayeva Nigora	10
11922	216842373	Venera S***	10
11923	7874387925	Mirzokhid Kulmamatov	10
11924	8131693346	Mukarramxon Hozirjonova	10
11925	275316315	Jumamuratov Nauriz	10
11926	6662193078	Abdiraximov Hasan	10
11927	836396393	Pardayev Erkin	10
11928	5061776729	Nazarova Vasila	10
11929	1235407387	Mavlonova Umida	10
11930	7066313755	Sobirjon Xayitboyev	10
11931	5155328403	Valijonova Shahnoza	10
11932	911897955	Yulchiyeva Hurriyat	10
11933	226630548	Xalilova Nilufar	10
11934	7378552216	Sayliyeva	10
11935	374963660	Abdullayeva Sevara	10
11936	1337358097	Axmedov Otamurod	10
11937	7489646619	Erkinboyev Mirshod	10
11938	5813126253	Sa'dullayev Nurbek	10
11939	1384717617	Mirzakarimov Rahmonali	11
11940	7564801092	Moʻminova Lolaxon	11
11941	1863650944	Masharipova Maya	11
11942	607761765	Bobojanova Bikajon	11
11943	5985892138	Abdusamatova Elnoraxon	11
11944	637738768	O'ktam Xudoynazarov	11
11945	6727840081	Shomurodova Dilafruz	11
11946	1659551602	Saydaliyeva Madinabonu	11
11947	715288815	Tog'oyeva Dilbar	11
11948	489467749	Mamasiddiqov Shodilbek	11
11949	777388562	Xaydarova Nozima	11
11950	434466692	Xaitova Dilafruz	11
11951	7852865026	Firdavs Murtazoqulov	11
11953	1831728449	Alimov Narzulla	11
11954	1646849245	Soliyeva Sohiba	11
11955	7682801825	Um8djonova Muharram	11
11956	1286891660	Qodirov Zarifbek	11
11957	943175603	Aminjonova Nilufar	11
11958	5224439632	Feruza Musayeva	11
11959	1979544115	Nabiyeva Gulhayo	11
11960	6889194141	Rajabova Maftuna	11
11961	278162751	Istilova Shohsanam	11
11962	380195412	Sapaeva S.	11
11963	1488436306	Aralova Nazira	11
11964	1131157085	Xo'jaqulova Shohista	11
11965	5484835648	Saparova Gavxar	11
11966	8335924129	Sharipova Nafosat	11
11967	573055409	Yulduz Raximova	11
11968	8211874651	Hamroyeva Shohida	11
11969	592600899	Yoʻldasheva Zamiraxon	11
11970	5017515114	Qulmamatova Shoira	11
11971	1492294844	Gulnoza Omonqulova	11
11972	1374001420	Masharibova Mushtariy	11
11973	7318507516	Mannobjonov Mirzaolim	11
11974	378078501	Kurbonova Yulduz	11
11975	7749471580	Yangibayeva Yulduz	11
11976	752553657	Qosimova Margubaxon	11
11977	8392759383	Oloviddin	11
11978	6108587617	Usmonova Marifat	11
11979	1292629827	Raxmonova Zilolaxon	11
11980	714516811	Murodova Yorqinoy	11
11981	8161166078	Maxambetova Qarlig'ash	11
11982	5308311157	Isayeva Muslima	11
11983	5477134534	Xoliqova Shaxnoza	11
11984	7169514348	Amrulloyeva Dilafroʻz	11
11985	6308017529	Iqboloy Fuzalova	11
11986	7239125609	Toʻymurodova Muhabbat	11
11987	1169071095	Doniyor Raxmonov	11
11988	372284649	Karimova Mo'tabarxon	11
11989	392264376	Madaminova Oydin	12
11990	8489217010	Yusupov Akmal	12
11991	8220497501	Axrorova Dilafruz Murodovna	12
11992	1035187214	Tòrayeva Hulkar	12
11993	813310686	Abdupattoyev Xudoberdi	12
11994	353152277	Xakimova Laylo	12
11995	6346281516	Tovqorayeva Sitora	12
11996	1049089276	Ergasheva Malikaxon	12
11997	5567081325	Soliyeva Nasiba	12
11998	8453641152	Umriniso Shukurova	12
11999	1442526979	Atamuratov Soburjon	12
12000	507268186	Saidova Gulrux	12
12001	436750244	Avazbek Xozirov	12
12002	5341916940	Garliyeva Sayat	12
12003	1551393631	Ixtiyor Xoshimov	12
12004	210973425	Shahlo Aliyeva	12
12005	1682263460	Abdullayeva Xayotxon	12
12006	8190717897	Mirzaabduraxim Umarov	12
12007	7615200640	Anvar Azimov Boltayevich	12
12008	1934281920	Meyliyeva Rushana	12
12009	8257465151	Gulimbayev Abdulaziz	12
12010	5122952200	Salomatoy Axmadova	12
12011	778246538	Safarova Xolida	12
12012	6862415143	Sodiqova Sabina	12
12013	744623169	Miyrixan Xojametova	12
12014	1292593540	Hasanova Maxfirat	12
12015	1078014156	Omonov Muhammadi	12
12016	5972066184	Аминова Шоира Юлдашевна	12
12017	178570963	Abduramanova Sefae	12
12018	5946165617	Bahodirov Boburbek	12
12019	688020976	Musayeva Kamola	12
12020	1240962996	Madina Samikova	12
12021	817120236	Qayumova Gulasal	12
12022	738952837	Xurramov Asqar	12
12023	5987352249	Nasridinova Sanamgul	12
12024	718795161	Zokirova Oygul	12
12025	1325824383	Toshtemirova Nasiba	12
12026	1068087472	Dilobar Mustafoqulova	12
12027	5881041283	Elbek Hamdamov	12
12028	6615807881	Mavlonova Sitora	12
12029	587101895	Baxtiyor Jurayev	12
12030	5265980906	Qodirova Durdona	12
12031	806914022	Джумабаев Айдар	12
12032	5330791693	Raximova Dilso'z	12
12033	664059005	Gulasal Ilxomjonova	12
12034	613529085	Mirzaraimov Murodulla	12
12035	206291291	Уракова Феруза	12
12036	7473821371	Kungratbayeva Ayjamal	12
12037	5465850897	Togʻayeva Shahnoza	12
12038	699755707	Botirova Jahongul	12
12039	485313236	Sayniyazov Adham	13
12040	7925477994	Sanjarbek Ro'ziqulov	13
12041	823999067	Mamatkarimova Dilnpza	13
12042	1877904134	Allanazarova Noila	13
12043	7795229456	Madumarova Shakarxon	13
12044	590148491	Samariddin O'zbekov	13
12045	7584837637	Aziza Uriboyeva	13
12046	5555730706	Yusupov Furqat	13
12047	6619872667	Safarboyeva Shodiya	13
12048	7420045075	Reimbaev Mansur	13
12049	441827774	Xoʻjamuratov Umid	13
12050	991510827	Gulshan Haydarova	13
12051	1290887684	Umidaxon Umaraliyeva	13
12052	8426945858	Mamarajabova Zilola	13
12053	5792053705	Mohinur Hoshimova	13
12054	7659071137	Z.Asadullayeva	13
12055	1988712422	Adiba Xoliqova	13
12056	2060754145	Abdiyeva Oʻgʻiloy	13
12057	8197425913	Sidiqov Ramazon	13
13084	6809821650	/topics	33
12058	7751245502	Mamarova Muborak	13
12059	721448742	Almardanov Dilshod	13
12060	8343194511	Ne'matova Maftuna	13
12061	8027477335	Ko'ptelova Farida	13
12062	1099243579	Umirov Olmos	13
12063	722409123	Xodjayeva Dilafuruz	13
12064	367032124	Musoyeva Zuxro Sayfiyevna	13
12065	2015946772	Turgunov Abduvohid	13
12066	7843858529	Qorjavova Oygul	13
12067	111700996	Xarisova Gulnaz	13
12068	393437151	Nodiraxon Sodiqova	13
12069	1712222828	Xusanova Shahlo	13
12070	1071956231	Orzigul O'roqova	13
12071	1342738311	Mirzayeva Mohirabonu	13
12072	1449097059	Salohiddinov Adham	13
12073	784022204	Raximov Muxtor	13
12074	1947973378	Bekjanov Sobirjon	13
12075	990027765	Tagmatova Xurshida	13
12076	1203199803	Husanov Sodiqbek	13
12077	1346104573	Nabiyeva Gulrux	13
12078	630297351	Axmad Tojiyev	13
12079	5260320145	Gulruh Siddiqova	13
12080	5431011971	Ziyadullayeva Rayhona	13
12081	191412540	Qiyomova Nigina	13
12082	699620018	Boltayev Shaxzod	13
12083	6757714886	Xodjayeva Odinaxon	13
12084	1206595955	Shaxnoz Gʻaybullayeva	13
12085	966383566	Mamatraimov Abdulla	13
12086	74495433	Pattoxonov Dostonbek	13
12087	118193721	Qayumov Farrux	13
12088	381234891	Bekzod Matkarimov	13
12089	7580696927	Abdurahmonova Gulhayo	14
12090	1648068122	Guli Beknazarova	14
12091	323955505	Po'latova Marg'uba	14
12092	6536869876	Nasridinova Nigora	14
12093	6689220593	No‘monjonov Shoxruxbek	14
12094	569196945	Хабибуллаева Мухаббат	14
12095	899101244	Abdumanonova Muslimaxon	14
12096	1077025534	Nematova Shaxnoza	14
12097	719810652	Mo'xsinboyev A'zamxon	14
12098	5066035069	Imomov Fayoz	14
12099	7895794747	Muzaffarova Dilshoda	14
12100	8175740606	Sayram Azimova	14
12101	5402334740	Farhodova Mahfuza	14
12102	1096240271	Manzura Olimova	14
12103	1757974095	Toshqulova Lobar	14
12104	5336803347	Karamatov Sunnatulloxon	14
12105	6210637678	Orolov Abulays	14
12106	7713762833	Xoʻjamberdiyeva Qizlarxon	14
12107	6450735906	Teberikova Aydana	14
12108	238044037	Madaminova Jamilaxon	14
12109	7348750276	Normamatov Alibek	14
12110	1884372502	Jo'rayeva Marxaboxon	14
12111	310576281	Qosimova Lola	14
12112	6964379189	Ubaydullayev Noyob	14
12113	6184843540	Esh.urodova Nurxon	14
12114	819817709	To'xtamurodova Madina	14
12115	877803943	Vohid Pirnazarov	14
12116	7179038763	G‘afforova Lobar	14
12117	1053707207	Majitova Zulfiya	14
12118	299226261	Amonova Shohsanam Sattorovna	14
12119	380923111	Karimova Roxila Azimovna	14
12120	6899703083	Bobur Alishev	14
12121	6875546158	Salimova Marg'iyona	14
12122	692521540	Shayzakov Nuriddin	14
12123	5477579407	Ismoilov Maxmudjon	14
12124	1023493162	Mirjalol Yangiyev	14
12125	6676915731	Erali Jo'raqulov	14
12126	1018970577	Samandar Husanov	14
12127	6557618276	Shodiyev Shodixo'ja	14
12128	1956216283	Nasullayeva Sevara	14
12129	8449756466	Muxanova Madina	14
12130	1096024527	O'sarova Sabina	14
12131	8030265916	Qo'ldasheva Muqaddamxon	14
12132	6656600268	Zamiraxon Anvarova	14
12133	644562818	Shaxnoza Sotiboldiyeva	14
12134	7494010653	Qosimova Namunaxon	14
12135	1364741982	ABILBAEV AZIZBEK	14
12136	2013995207	Xayrullayeva Shamshoda	14
12137	5200829653	Omanov Olimjon	14
12138	486405347	Vosiyeva Zilola Axmatovna	14
12139	1449600198	Raxmatov Maqsud	15
12140	1432932545	Raximov Diyorbek	15
12141	1361938395	Qoʻchqorova Feruza	15
12142	6184934457	Xamrakulova Kamola	15
12143	637295672	Жолдасова Зейнеп	15
12144	1684041193	Achilov Berdiqobil Narzullayevich	15
12145	1216209222	Ibragimov Bekzod	15
12146	1272637208	Bozorboyeva Xusnora	15
12147	5857533777	Yusupova Nurshoda	15
12148	534150297	Aralov Javlonbek	15
12149	7271803546	X alimova Mavludaxon	15
12150	5244286094	Ramazonova Ma'mura	15
12151	6548262847	Sadikov Baxtjan	15
12152	450180249	Mohinur Mamayusupova	15
12153	1623329082	O'rolova Yoqutxon	15
12154	1370165838	Hasanova Maftuna	15
12155	782740865	Matkarimov Bekzod	15
12156	7311530713	Quvandiqova Sarvinoz	15
12157	1725290592	Mirzayeva Diyoraxon	15
12158	1981223928	Aliyeva Dilfuza	15
12159	7965801037	Egamshukurova  Baxtigul	15
12160	690447969	Ahmedova Yoqutxon	15
12161	6025019321	Dilnoza Begboyeva	15
12162	1361136230	Yuldosheva Dilnoza	15
12163	1714923732	Nozima Xursanova	15
12164	1062613491	Jalalova Gulnoza	15
12166	785333571	Xidirova Ozoda	15
12949	1298056727	Shahlo Masharipova	31
12970	1950146675	Xoshimov Munavvar	31
12972	8218874712	Mirzayeva Malika	31
12984	949066700	Umida Yo‘lchiyeva	31
13014	710229616	Mashhura Isoyeva	32
13047	988348043	Fayzullo Xabibullayev	33
13048	8040789070	Maxmudova Gulida	33
13049	6056048650	Davboyev Dilshod	33
13052	5228710226	Madina Kubayeva	33
13085	6275845094	Oʻktamova Gulyora	33
13087	696122348	Ergashov Shoxruh	33
13108	2004289043	Yaxshimova Umida	34
13125	5622289207	Ochilova Gullola	34
13126	1919909515	Mirzakarimova Dildora	34
13127	5030572116	Yakubova Bikajon	34
13129	506651927	Raximova Mahliyo	34
13150	768687848	Xudoyorova Saida	34
13152	1001905824	Obidova Shahlo	34
13171	7906693370	Eshonova Tursunoy	35
13189	7877854025	Мадина Шамсиева	35
13208	180591485	Мухамадиева Айгуль	36
13211	1980620299	Ikromova Zarnigor	36
13212	553849269	Shermatov Abduvohid	36
13240	331182175	Roʻziyeva Dilnoza	36
13241	1127409354	Ravshanjon Abdumuminov	36
13246	5671854391	Erkinova Zarnigor	36
13265	8050009681	Yashnarbek Madaminov	37
13291	940308171	Rejabbayev Bobir	37
13310	952210863	Rahmanova Gulnoza	38
13324	7472816877	Nilufar Haydarova	38
13344	6005252419	Kayumova Y ulduz	38
13361	717718187	Кощанова Гоззал	39
13362	61887331	Yuldasheva Xumora	39
13383	1925574205	Radjapova Oydona	39
13398	6486735230	Abdusamatova Mavludaxon	39
13414	5847918558	Tolipov G'ayrat	39
13431	1026962791	Siddiqov Ilhomjon	40
13447	581530854	Utemuratova Raygul	40
13462	7203538352	Tojiboyeva Muborak	40
13463	496685525	Mashrabov Kamronbek	40
13479	964034799	Нигора Рахимова	41
13497	5085004217	Ulug'bek Abdixakimov	41
13510	1744189934	Qoʻchqarova Mehribon	41
13524	678169738	Choriyev Mashrab	42
13525	8061887056	Temirov Rasulxon	42
13546	7112517056	Xamdamova Mashxura Sarabotayevna	42
13547	7025101134	Butakareva Gulnur	42
13580	921107830	Haydarov Fayoziddin	43
13583	350666732	Juginisova Damexan	43
13605	1768463721	Ismatov Sunnatilla	43
13607	7394900153	Durdona Xayrullayeva	43
13608	1269649266	Nurmatova Dilbar	43
13609	1178147478	Bomirzayeva Maxsuda	43
13625	1912538252	Raxmatova Umida	44
13640	448043510	Dilafruz Qiyomova	44
13655	6768890782	Jumayeva Nargiza	44
13674	7348939932	Tursunova Gulchehra	44
13689	778711544	Gulshirin Sodiqova	45
13705	7200999077	Qalandarov Davronbek	45
13721	985245994	Nurmetova Xolida	45
13722	1061671731	Mirtojiyeva Zamiraxon	45
13739	7480946089	Madrimova Safura	46
13761	6905980999	Satilova Xilolaxon	46
13777	655725446	Jahongir Murodov	46
13799	1137023554	Gulmira Boymatova	47
13800	8238528654	Jonqoʻziyeva Feruza	47
13814	7303496339	Hojiyeva Ro'zigul	47
13815	5343223520	Rashidova Nargiza	47
13830	7468791861	Karayeva Gulmira	47
13849	6802128825	Samadova Munojot	48
13868	444548603	Qurbonov Ismoil	48
13869	1192376979	Nusratov Husniddin	48
13884	7307942313	Abdusolomova	48
13898	539747655	Qurbonova Dilfuza	49
13899	678662946	Izzatbek Begimbetov	49
13913	6249215641	Dilafruz Abdumannonova	49
13926	421283661	Gulnora Urozova	49
13941	5813079247	Shokirov A'zamxon	50
13954	5471521803	Sobirov Hakimjon	50
13967	1403720610	Jumanova Mahliyo	50
12165	5517278196	Sultonova Nodira	15
12167	6348296240	Valiyeva Sarvinoz	15
12168	1631738583	Sheraliyeva Madinaxon	15
12169	6057932204	Karimova Xursanoy	15
12170	1368831239	Ruxsora Saparboyeva	15
12171	749085197	Siddiqova Sarvinoz	15
12172	1532217309	Shahzoda Abrorovna	15
12173	2107450599	Abdiqosimova Sevara	15
12174	1495416750	Orolov Ulug'bek	15
12175	1474360675	Mundizboyeva Arofat	15
12176	1110038906	Yulduz Halimjonova	15
12177	1517631929	Hasanov Furqat	15
12178	1889721100	Axmadaliyeva Ozodaxon	15
12179	8263085425	Saparbayeva Gulzira	15
12180	829594562	Abdullayeva Nilufar	15
12181	729543666	Urolov Baxtiyor	15
12182	5629324052	Narzullayeva Oynisa	15
12183	491737211	Abjabborov Nuriddin	15
12184	932280136	Anvar Lutfullayev	15
12185	7421377989	Aziza Akbarova	15
12186	5624424284	Namuna Botirova	15
12187	1101773050	Tojiqòziyeva Mastona	15
12188	959712871	Math teacher	15
12189	6782698410	Ochilova Fazilat	16
12190	828032394	Intizor Tuqsonova	16
12191	1109882669	Temirova Mohira	16
12192	6090500753	Dilfuza Qodirova	16
12193	6681048594	Mirzayeva Diyora	16
12194	899382203	Maxmudova O'g'iloy	16
12195	1918685832	Anorboyeva Maftuna	16
12196	7190571093	Жадигерова Динара	16
12197	8458005689	Toxirova Obida	16
12198	5445201404	Sidigaliyeva Nozima	16
12199	446358974	Ataqulova Sevara	16
12200	2074411396	Raxmatova Xadicha	16
12201	1779256815	Xayitova Madinaxon	16
12202	5745657197	Joldasova Sholpan	16
12203	892223702	Boymuradova Kamola	16
12204	6255392498	Atajonova Rajabbibi	16
12205	5439947964	Zulfiya Nasriddinova	16
12206	1709552870	Siddikov Orif	16
12207	5671604844	Yaqubova Dilnoza	16
12208	731566471	Ramazan Rametullaev	16
12209	998699643	Hamrayeva Shaxnoza	16
12210	984984692	Bobomurod Sanoyev	16
12211	8496056887	Norov Nuraziz	16
12212	5813551568	Shodiyeva Dilafruz	16
12213	389813589	Eshonqulova Yulduz	16
12214	8563755208	Abdiyeva  Jang'il	16
12215	460073076	Jumayev Uchqun	16
12216	860239269	Xalimova Dilovar	16
12217	8047420902	Xushnazarova Gullola	16
12218	6129366181	1	16
12219	7152531106	Rustamova Nilufar	16
12220	7028825932	Musurmanova Shohida	16
12221	7949811238	Sattorova Satira	16
12222	420156396	Xaytaliyev Abdusalom	16
12223	7879180322	Amonova Anora	16
12224	519647850	Odilbek Oʻralov	16
12225	7830911324	Imomova Havasxon	16
12226	1708388356	Shoiraxon Hakimova	16
12227	1409775867	Imomova Havasxon	16
12228	5164424143	Boboxon Ismatullayev	16
12229	334964445	Xasanova Shaxnoza	16
12230	7511903118	Norova Munisa	16
12231	463067509	Ruziqulova Zulfira	16
12232	500482176	Sabirova Nargiza	16
12233	8204842716	Sitimova Viktoriya	16
12234	278711649	Юсубова Нигора	16
12235	5017791089	Saidaxon Abdullayeva	16
12236	1191484219	Qobilov Ilhom	16
12237	1524799015	Jo'rayeva Muhayyo	16
12238	710143506	Xolmuminova Shaxlo	16
12239	1225663109	Gulnoza Ergashova	17
12240	6549670200	Сохиба Маматова	17
12241	951327476	Қўшақова Хилола	17
12242	1128496656	Raufova Guliza	17
12243	1850781955	Quvondiqov Roʻzimbek	17
12244	909223881	Abduqodirova Kamola	17
12245	716871851	Normurodova Gulnora	17
12246	1047020846	Shoxida Ibragimova	17
12247	923091793	Baxtiyorov Shoxrux	17
12248	8240128421	Rajabova Mehriniso	17
12249	7436500395	Nabijonova Dilshoda	17
12250	8411552876	Halimova Umida	17
12251	8310577091	Gulomova Zulfiya	17
12252	634737526	Turdimuratova Aynura	17
12253	745791276	SAIDA ESHNIYAZOVA	17
12254	5728737906	Karimkulov Ilyos	17
12255	165418763	Saidova Gulchehra	17
12256	6449377775	Shoira Abdurahmonova	17
12257	6174471779	Dilnora Suyunova	17
12258	6480769951	Maxsuda Tagaymurotovna	17
12259	6225135369	Abduraximova Ozoda	17
12260	7674900492	Yangiboyeva Nigina	17
12261	648939150	Yakubova Malika	17
12262	1917944061	Gulbiddin Dilshodzoda	17
12263	7283989409	Hasanova Dildora	17
12264	303446514	Murodova Donoxon	17
12265	7787240176	Rahmatova Sevara	17
12266	7794107479	Anisa Ayapbergenova	17
12267	519324542	Babajanova Dilafruz	17
12268	6358429723	Mardanova Zulxumor	17
12269	634994721	Nurmetova Shahlo	17
12270	1816840798	Qulmuhammadova Munira	17
12271	6904697793	Tursunova Yodgorxon	17
12272	1170104755	Saidova Matluba	17
12951	1268643593	Duyshenova Aliya	31
12954	1110444822	Xoʻjayeva Feruza	31
12971	1224223524	Narzullayeva Shahnoza	31
12986	411258465	Aripova Dilnoza	31
12988	661088700	Narziyev Farrux	31
13015	7798700862	Xurramova Shahlo	32
13016	6215494210	Charosxon Bahodirova	32
13018	8513338776	Ismatova Ijobat	32
13022	7332235235	Butayeva Zarinaxon	32
13025	772655628	Ashurov Bahodir	32
13051	6780619451	Xushvaktov Bekmurod	33
13053	6452294183	Ra'no Sharipova	33
13054	7837073688	Saidova Orasta	33
13088	1396261954	Otajonova Leninza.	33
13109	1005771243	Ruzmetov  Bekzod	34
13128	782713278	Sanoyeva Zarnigor	34
13130	6198905421	Turayeva Barno	34
13151	5912395458	Zaripov Boburbek	34
13172	6720517693	Munira Toshpulatova	35
13173	1445268756	Umaraliyeva Shohista	35
13190	7991306566	Ruziyeva Zohida	35
13209	6149801088	Shohruh Ochilov	36
13210	6280355364	Diyarova Dilrabo	36
13242	1907543866	Rustamova Xurshida.	36
13243	5839787836	Yunusova Marjona	36
13247	1255192185	Mirzarahmonova Shahodatxon	36
13268	1335964081	Yakubova Marxabo	37
13269	1341638430	Zamira Mirzakulova	37
13271	1392402524	Shahzoda Saidmurodova	37
13292	682554090	Gulnoza Jumayeva	37
13311	5267647173	Madaliyeva Muattar	38
13325	1405212459	Toshxoʻjayeva Tabassumxon	38
13345	1360596035	Abduraxmanova Altinay	38
13363	6391007714	Bozorov Shamsiddin	39
13364	7446353958	Xoliqova.D	39
13385	6804655741	Mustafoyeva Aziza	39
13386	1043968678	Qayumova Gulnoza	39
13399	1608161782	G'ulomova Dildoraxon	39
13415	7655219950	Хужаниязова Мавжуда	40
13432	8531998781	Abdubannonova G	40
13448	1055895045	Kilishova Saltanat	40
13464	219911510	Xamrayeva Xurshida	40
13465	7487383898	Xadjiyev Komiljon	40
13480	1694934599	Xusanova Ma’muraxon	41
13481	967511137	Atajonova Shoira	41
13482	6303887137	Jahongirov Izzatullo	41
13498	5636033608	Yashnara Xolikova	41
13511	5758247368	Bozorova Noila	41
13528	5252565281	O‘tkirov Sherxon	42
13548	1050982916	Baxshilloyev Humoyun	42
13554	6119964502	Nabiyeva Shoxsanam	42
13555	170205744	Alimuhamedova Dilrabo	42
13581	6125343179	Nilufar Nilufar	43
13606	7076167244	Ishmuratova Lola	43
13626	192850784	Rasulova Orzigul	44
13641	660615234	Jabborova Zuhra	44
13642	1702314209	Djurayeva Gulnoza	44
13656	1848916893	Qodirova Sohibaxon	44
13657	8122879928	Qalbaeva Zuxra	44
13675	5783818569	Баймурат Акбергенов	44
13691	6679564605	Байматова Наргиза	45
13706	1772234502	Boymirzayeva Marg'uba	45
13723	278777830	Rozzoqov Dilmurod	45
13740	323086409	Abdurasulov Baxtiyor	46
13763	6450628034	Normuratov Javohir	46
13778	6780855918	Xusanova Nozimaxon	46
13801	575004760	Mohigul Raximova	47
13816	6159431323	Murotova Oʼgʼiloy	47
13831	614103468	AbdimurodovbAbdurahmon	47
13852	7685543157	Bahridinova Ifora	48
13855	577671488	Maxliyo Nazirjonova	48
13870	676918852	Eʼzozxon Egamberdiyeva	48
13871	709953836	Xurshida Ilhomovna	48
13885	692491763	Isomova Nilufar	48
13900	1362496222	Adolat Yo'ldosheva	49
13901	6614267179	Karimova Zilola	49
13914	283628322	Jo‘rayeva Vazira	49
13927	8517394813	Sobirova Fayoza	49
13942	609927906	Daniyorov Umid	49
13955	4844844	Jomolova Muxtabar	50
12273	1094130206	Saydullayeva Moʻtabar	17
12952	814549368	Dolimova Yoqutxon	31
12973	6983366316	Tursunov Qurbonmurod	31
12987	1215000737	Kurbonova Gulxayo	31
13017	497878589	Ismatova Ijobat	32
13024	749153192	Xolboyev Xoshimjon Amirovich	32
13055	963317558	Oybek Achilov	33
13061	8282433253	Memonova Gulnoza	33
13089	473828400	Nurmetova Sayyora	33
13090	1344460490	Nilufar Baxriddinova	33
13110	785576290	Avazov Bektosh	34
13131	5549220066	Sabina Hakimova	34
13134	1134796596	Mohidil Primova	34
13153	579421704	Ashurova Fayyoza	35
13154	7575515857	Sayidov Jasur	35
13155	841295717	Orifova Anoraxon	35
13174	163757208	Saidov Bahodir	35
13175	1328730531	Sharipova Malika	35
13191	5613799453	Maxfiratxon Qurbonova	35
13213	5111986848	Shonazarov Otabek	36
13244	6090166170	Kamolova Mahbuba	36
13245	878137504	Kutimov Xasanboy	36
13270	5039483151	Olimov Muslimbek	37
13293	6181808058	Husenov Ogʻabek	37
13312	984075075	Qurbonnazarov G'ayrat	38
13326	6402751182	Nazarova Xolida	38
13328	7222348933	Al  Xorazmiy	38
13346	5257166838	Siddiqova Gulchehra	38
13365	1975008033	Nurbek Mahkmatkobilov	39
13366	6204196663	Atamuratov Muzrob	39
13387	1170791788	Xudayberganova Zarnigor	39
13400	5454991673	Alijonova Dilfuza	39
13416	1098683250	Nodirbek Xushvaqtov	40
13433	6873422951	Karimova Gulshan	40
13449	6946062381	Mamatqulova Ulugʻoy	40
13466	7703947552	Shirinbek Umarov	40
13483	7432221209	Yangiboyev Ahad	41
13499	7407462729	Toreniyazova Shinigul	41
13512	404249377	Ubaydullayeva Malikaxon	41
13513	5013013615	Botirova Anagul	41
13529	7908039224	Yusupov Anvar	42
13530	733651731	Tolibova Laylo	42
13549	7223633449	Lobar Omonboyeva	42
13550	510381191	Sherzod Davlatov	42
13551	5938247301	Jumaniyazova Dilbar	41
13552	5013291576	Gafforova Maftuna	42
13584	784484182	Qayumova Nafisa	43
13585	754584847	Гулноза Рахмаджановна	43
13588	1741834614	Turg'unpo'latova Shoxista	43
13589	7134457679	Abdurazzoqova Mashhura	43
13611	1180568033	Salayeva Surayyo	43
13627	7768996271	Bazarbaeva Palsanem	44
13643	1376002335	Sabirova Zulfiya	44
13658	5635575399	Allayorova Iroda	44
13676	1283608564	Assalomu alaykum!	45
13692	7173756581	Yangiyeva Latofat	45
13707	7405273229	Norboboyeva Maftuna	45
13724	7852309676	Farangis Xaydarova	45
13741	5401183235	Qudratova Shozoda	46
13764	204554171	Nurmatov Eldor	46
13779	1022934911	Istamova Munisa	46
13802	6798751646	Anvar Annayev	47
13817	968056746	Мавлянова элмира	35
13832	5601248333	Bonu Poyonova	47
13836	6915290665	Xazratkulova Gulzoda	48
13853	876384248	Berdialiyeva Shoira	48
13854	7786354238	Xoliqova Nargiza	48
13872	614519839	Muxlisa Azimovna	48
13873	6169811699	Nafasova Dildora	48
13886	7295998524	Серикбаева Ханбиби	48
13902	2034000839	Beymatov Feruzbek	49
13915	6498698962	Xayrullayeva Shohida	49
13928	1378655511	Hikmatov Shaxobiddin	49
13943	6457933975	Imomova Shahlo	50
13956	762808837	Fayzullayeva Gulzoda	50
13969	8359230709	Xoldaraliyev Abdubilol	51
12274	652000037	Nodira Dusmuxamedova	17
12275	950180292	Barakayeva Dinara	17
12276	5787966377	Эргашева Нодира	17
12277	808948334	Igamberdiyev Ilhom	17
12278	1208461739	Munojatxon Yulchiyeva	17
12279	8557708286	Barakayeva Dinara	17
12280	808614374	Shodmonova Moxira	17
12281	1391062211	Abdullayeva Malohatxon	17
12282	7095210655	Oʻktamov Ibrohim	17
12283	949514749	Xayriddinova Dilnoza	17
12284	1014700157	Muminov Shuxrat	17
12285	871684885	Isomiddinova Kamola	17
12286	7139333773	/topics	17
12287	1359333177	Mirzayeva Latofat	17
12288	5042497087	mamasoliyev jamshidbek	17
12289	8138159641	Djurayeva Sadoqat	18
12290	5509558675	Zoirov Ma'ruf	18
12291	797012105	Yusupova Malikaxon	18
12292	7251408630	Oxunova Durdona	18
12293	704069594	Yusupova Yulduz	18
12294	1465896113	Elyor Begmatov	18
12295	8502934969	Choriyeva Gulbahor	18
12296	1066004077	Nigora Quramatova	18
12297	8453438469	Tashova Firuza	18
12298	660997098	Igamberdiyev Murotali	18
12299	1680358177	Yusupova Matluba	18
12300	903890027	Gulrux Hayitova	18
12301	658945779	Gaypova Aziza	18
12302	1793597936	To'lakova Gulchehra	18
12303	811517858	Zebo Niyozmetova	18
12304	306514627	Qunduzova Yulduz	18
12305	257405924	Boymirzayev Zuxriddin	18
12306	7493285088	Boymirzayev Qahramon	18
12307	1269732505	Karimjonova Umidaxon	18
12308	1037438854	Mamasoliyeva Erkinoy	18
12309	5376749776	Abdigapparova Gulshoda	18
12310	2012658765	Toshmatova Umida	18
12311	8089628711	Allaniyazova Shaxnoza	18
12312	6374763991	Dildora Turaboyeva	18
12313	7112168044	Zamira Toshtemirova	18
12314	569346217	Zilola Xaydarova	18
12315	8005040685	Turaboyeva Dildoraxon	18
12316	966191034	Tojimatov Normurod	18
12317	1130779619	Mirakbarova Gulchehra	18
12318	893094384	Umidjon	18
12319	5430783027	Borataliyeva Rohila	18
12320	7688724422	Olimjanova Munavvar	18
12321	1391139809	Amirillayeva Gulhayo	18
12322	6467036283	Eshmiratova Zakira	18
12323	6130961919	Axmedova Gulhayo	18
12324	1212131994	Haydarova Gulroʻza	18
12325	5060522898	Jumanazarova Rayhona	18
12326	2144089445	Muxtorova Nozima	18
12327	8383183815	Toʻrayeva Ozoda	18
12328	7626961787	Perdebayev Azizbek	18
12329	5932519774	Nilufar Babajanova	18
12330	136527310	Raxmatova Dilfuza	18
12331	1391605611	Tosheva Firuza	18
12332	656097679	Bozorov Baxodir	18
12333	5809999286	Maxsuma Ulugʼmurodova	18
12334	901115493	Daniyarova Charos	18
12335	659862898	Xolova Mashhura	18
12336	540624416	Muqimova Komila	18
12337	5344021141	Pozilova Barno	18
12338	8493438031	Isamitdinova Maftuna	18
12339	1387999005	Toshmamatova Saboxat	19
12340	6789060869	Olimova Kimsanoy	19
12341	426602575	Rasulova Shahnoza	19
12342	701307125	Kaйпназарова	19
12343	664783649	Jalilova Zubayda	19
12344	7909348303	Karimova Gulsara	19
12345	1601344116	Xazratov Maxmud	19
12346	7051844614	Kuybaqova Mohigul	19
12347	833417205	Shodiyeva Nargiza	19
12348	8021814330	Muxamadaliyeva M	19
12349	6331626948	Narzullayeva Shaxrizoda	19
12350	518111827	Nosirova Risolat	19
12351	7802328660	Sardor Madraimov	19
12352	7750110375	Eshpo'latova Baxtigul	19
12353	5921175188	Sattarova Zulfiya	19
12354	677850310	Mamathodjayeva Musharraf	19
12355	7089551704	Ziyodulla JUmayev	19
12356	7364116397	E'tibor Sobirjonovna	19
12357	1374665101	Аллакова Гулноза Исмаиловна	19
12358	516813316	Abdullayeva Nodira	19
12359	1492077021	Sattorov Eldor	19
12360	8181889709	Abdujabborova Sevinch	19
12361	598777962	Xoljo'rayeva Oyshaxon	19
12362	6380209065	Raimova Sitora	19
12363	633514894	Naimova Farangiz	19
12364	6214807533	Mamurova Nargiza	19
12365	7070194465	Ro'ziyeva Nargiza	19
12366	6636637073	Muhammadsafar Ibodullayev	19
12367	8461145109	Matkarimov Javohir	19
12368	1290326463	Raximova Zaynab	19
12369	1378341075	Шарипова Фотима	19
12370	439068460	Ochilov Nasiriddin	19
12371	764537230	Murodova Laylo	19
12372	858104744	Bo'riyeva Gulmira	19
12373	6767779002	Samadov Feruzbek	19
12374	349506431	Manzura	19
12375	5098511147	Fatiddinova Shahlo	19
12376	761331687	Jumamuratova Manzura	19
12377	860472049	Abduraimova Ozoda	19
12378	5579166608	Choriyeva Sojida	19
12379	6866614617	Azamat Anorboyev	19
12380	5595453608	Rasulov Hamro	19
12382	757788260	Xolmatov Qahramon	19
12383	5333827718	Mamasoatova Alfiya	19
12384	681921060	Shokirova Mutabar	19
12953	5473285549	Жумабаева Гулзада	31
12955	5624670127	Omonov Muhammadi	31
12974	6947925948	Mamasoliyeve Gulzodaxon	31
12989	1247482554	Sarboz Joʻrayev	31
12990	2067446452	Navro‘zbek Taniberdiyev	31
13019	7943707989	Quvonchbek Temirov	32
13020	8236955408	Nurliyev Feruz	32
13021	520244272	Toshtemirova Nafisa	32
13023	8345374215	Muminova Shoira	32
13056	1005785187	Ismoilova Mohira	33
13057	8536728261	Kazakbaeva Bayramgul	33
13062	1168482647	Yoqubjon Oʻralov	33
13091	6232386907	Avezova Zarnigor	33
13095	1217419699	Abdurahmonova Matluba	33
13111	5801070379	Jo'rayeva Dilafruz	34
13132	695526974	Aytmuratova Kamila	34
13133	7738675421	Maxmaraimova Sarvinoz	34
13156	1748331595	Xumora Raxmonkulova	35
13176	5193369515	Muxammeddin Joldasov	35
13180	926765349	Ravshanova Umriniso	35
13192	659062132	Djarkinbayeva Venera	35
13214	964783470	Zoirov Muhammadali	36
13215	1412117413	Alijonov Baxtiyorjon	36
13248	321035618	Toshpulatova Munira	36
13272	7786189368	Axunova Gulnoza	37
13294	6649169754	AMANBAYEV SHERALI	37
13297	6605152935	Dilshoda Rasulova	37
13313	8287792812	Ergashev Sunnatillo	38
13327	1004424199	Hasanov Hakimjon	38
13330	875709975	Turdiyev O‘ral	38
13347	1460312597	Rustamova Farida	38
13367	1015427882	Mamasharipov Elbek	37
13388	939634343	Хамраева Наргиза	39
13401	8368001556	/topics	39
13403	675437899	Ne'matova Gulchehra	39
13417	6652866455	Kamoliddin Xurramov	40
13434	1921357525	Kipshakbayev Muxtor	40
13450	494403078	Mulojonova Mohigul	40
13467	7190688327	Mamatqulova Dildora	41
13484	313734753	Boltayeva Zoxira	41
13500	7065166151	Yuldosheva Sabina	41
13514	317903212	Babajonova Noila Qobilovna	41
13531	6528337014	Qo‘ldasheva Muslimaxon	42
13532	679672586	Yoʻldoshev Nurilla	42
13533	6709600346	Abdulaxatova Omadoy	42
13553	1037792087	Muxammadiyev Abdurasul	42
13586	7716680187	Mirzayeva Feruzaxon	43
13612	367308823	Ne'matova Zulfizar	43
13613	871276346	Pulatov Obid	43
13628	6558491328	Qurbonov Jonibek	44
13644	1320619291	Olimov Azamat	44
13659	7633607429	Nematova Dilsora	44
13677	567560679	Matlab Muxammadiyev	45
13693	6461568496	Urinova Umida	45
13708	5375553732	Sabirova Gulmira	45
13725	5270563773	Otaxonova Munisa	45
13727	6888239340	Radjabova Moxinur	45
13742	1000252129	Normamatov Jamshid	46
13743	7537140752	Abdusolomova Dilivar	46
13765	969779530	Shoymanova Shaxnoza	46
13780	7836576884	Muminova Shoiraxon	47
13803	615468555	Bahriddinov Shohzod	47
13818	5657276797	Муаттар Козихонова	47
13833	521530703	Shirinova Yulduz	47
13856	5603284568	Shadiyeva Shoxista	48
13857	1323384901	Erkaboyeva Shohzoda	48
13874	1410533931	Xolmatova Sultonoy	48
13887	8040356541	Mahbuba Qudratova	49
13903	6639535103	Rahimova Marhabo	49
13916	5833147545	Ravshanbek Urazbayev	49
13929	5514704022	Atayeva Mohira	49
13930	7323976072	Abdumutalibova Ziyodaxon	49
13944	7700690908	Hasanova Mashhura	49
13957	2032223678	Jumaboyeva Malika	50
12381	742573630	Maxkamova Shoira	19
12385	950631501	Shoxrux Qurbonov	19
12386	858621485	Karimova Xurshida	19
12387	1370940497	Yuldasheva Umidaxon	19
12388	1245560167	Akbarova Mohigul	19
12389	1903543355	Kurbanbayeva Muhayyo	20
12390	1040888072	ESHQUVVATOV ALIJON	20
12391	1103442897	Nigora Qurbonova	20
12392	750575125	Ismoilova Navroʻza	20
12393	734444177	Aynaqulova Aziza	20
12394	1314909631	Рита Бахтияровна	20
12395	1652367835	Xurramova Malika	20
12396	5412998335	Malika Mamasaidova	20
12397	5046985716	Ahmadjonova Shahloxon	20
12398	847651804	Otajonova Madina	20
12399	665897172	Matluba Eraliyeva	20
12400	1130815087	Hayitova Ozoda	20
12401	8541286106	Nazarova Goʻzal	20
12402	7715570530	Abduraxmatova Munavvar	20
12403	928105915	Mohichexra Tursunaliyeva	20
12404	5799713892	Karimov Shaxzod	20
12405	7616783297	Madina Yuldasheva	20
12406	6847861205	Haqqulova Gulondon	20
12407	6708045745	Qodirova Dildora	20
12408	705624054	Каримов донёр	20
12409	6509537243	Nabiyeva Husnida	20
12410	1795784272	Ibragimova Feruza	20
12411	6154570227	Jo’raboyev O’tkir	20
12412	212439162	Маёкубова Матлуба	20
12413	499434583	Berdiyorova Zamira	20
12414	1081963588	Abdullayeva Nasiba	20
12415	7690521431	Baynazarova Dilbar	20
12416	6381421629	Нигматова Муниса	20
12417	213876901	Тошбоева Феруза	20
12418	6928371666	Suyarova Buvanbar	20
12419	734342909	Temirova Shahnoza	20
12420	7812173547	Turobova Iroda	20
12421	5760491054	Roʻziyev Atham	20
12422	1621299103	Vaisova Bekposhsha	20
12423	814699290	Теодор Кутлымуратов	20
12424	8144604544	Temirova Zilola	20
12425	7124153345	Гульюзем Гумерова	20
12426	334474452	Sultanmurodova Nargiza	20
12427	150458776	Zayniddinova Mohiraxon	20
12428	7905037882	Xudaybergenova Azima	20
12429	7589730422	MATH TEACHER	20
12430	1308556357	Avezova Zarina	20
12431	6718672616	Umurova Dilnoza	20
12432	1729118219	Nazirova Nargiza	20
12433	1815064610	Saidova Muhtarama	20
12434	1493529356	Ataboyeva Dilorom	20
12435	5414451827	Babanazarova Tamara	20
12436	8449747304	Jurayeva Nasibahon	20
12437	8397823662	Jumagul Sharipova	20
12438	674852669	Norova Dilnoza Abdiqodirovna	20
12439	574118759	Azimova Dildora	21
12440	659265411	Muhammadov Firuz	21
12441	8300302791	Sultonova Nasiba	21
12442	8246097224	Usmonjon Mirzayusupov	21
12443	8031011761	Ayjan baykhanova	21
12444	1935787881	Utebaeva Jadira	21
12445	5008775130	Yakubova Nigora	21
12446	1684655057	Utambetova Albina	21
12447	1082564661	Dadaboyeva Shahnoza	21
12448	761091953	Qodirova Dilfuza	21
12449	8256648997	Ziyoda Usmanova	21
12450	1218092632	Iroda Utayeva	21
12451	8302887145	Ziyada Karamatdinova	21
12452	5039021589	Turdiyeva Lobar	21
12453	1334691324	Muhammadova Dilnoza	21
12454	2031183931	Abduraxmonova Munojat	21
12455	301423762	Каршиева Нодира Амануллаевна	21
12456	1689793918	Mamajonova Nazokatxon	21
12457	514682407	Xidirova zarina	21
12458	6743931301	Obilov Mirzohid	21
12459	1632181928	Begzod Safarov	21
12460	6308961362	Noila Fayzullayeva	21
12461	7545942806	Durdona Bayramova	21
12462	8372981997	Babajanova Sayda	21
12463	894267329	Saida Soliyeva	21
12464	8494526764	Sojidaxon Siddiqova	21
12465	7690215407	Xudayberganova Nafisa	21
12466	7476776547	Dilshod  Shomurodov	21
12467	1037891137	O'razboyeva Madina	21
12468	6763682725	Xaydarova Surayyo	21
12469	1804192257	Muslimjon Yuldashev	21
12470	1954386140	Ulug'ov Dilshodbek	21
12471	759407152	Ma'muraxon Erkaboyeva	21
12472	5934694518	Otaboyev Javohir	21
12473	273663107	Eraliyev Akbarali	21
12474	6958315912	Абдикаликова Амина	21
12475	826913933	Yakubbayeva Oqila	21
12476	858623939	Qulmamatova Muxlisa	21
12477	6876035301	Turdiyev Ma'rufxon	21
12478	8251670206	Nurullaeva Miyrigul	21
12479	741092493	Saipova Gulsanam	21
12480	465742389	Sulaymonova Feruza	21
12481	6146863362	Akbarov Nurillo	21
12482	691410985	Baxriddinova Shalola	21
12483	1908093761	Bediyarova Nilufar	21
12484	1257362303	Shoymardonov Sodiqjon O'ktamovich	21
12485	7921479576	Rahmatova Nasiba	21
12486	7018629705	Nurjaxon Duyshayeva	21
12487	864990446	Rajapova Xolisa	21
12488	8249682141	Sotiboldiyeva Noila	21
12489	1044697460	Diloromxon Abdurashidova	22
12490	7186130817	Egamurodov Farrux	22
12491	8404385159	Mamatvaliyeva Salima	22
12492	7355021673	Abdisaidova Shodiyona	22
12493	5583093359	Orazbaeva Altingul	22
12494	6499981920	Norqobilova Marjona	22
12495	1384903021	Akbarova Nafisaxon	22
12496	6677728973	Уринова Майсара	22
12497	6538633500	Yusupova E'zoza	22
12498	6379104653	Roʼzimova Sayyora	22
12499	567205301	Shoxida Maxkamova	22
12500	768313548	Xo'jayarova Marifat	22
12501	390832532	Reimbaev Kallibek	22
12502	7929470603	Gʻulomov Oybek	22
12503	5010076591	Ulashova Maftuna	22
12504	8129164732	Hilola Ergasheva	22
12505	631955202	Payziyeva Mavludaxon	22
12506	5951826696	Xudoyqulova Shahzoda	22
12507	659256169	Radjabov Ulugʻbek	22
12508	1820249038	Umida Berdiyarova	22
12509	7843494370	Sharipova Manzura	22
12510	650256687	Murodova Gulshod	22
12511	7014846877	Davronov Mirjalol	22
12512	214790421	Yuldasheva Muyassar	22
12513	490657872	Mahbuba Qo'chqarova	22
12514	791125843	Aliyeva Farida	22
12515	6399145879	Yusupova Maksuda	22
12516	6407587884	Jurayeva Zilola	22
12517	1163678887	Nosirjonov Ibrohimjon	22
12518	1307822895	Dilafruz Mavlonova	22
12519	1787087701	Dono Ubaydullayeva	22
12520	714581643	Tursunov Dilbek	22
12521	6392065702	Bekmirzayeva Munisa	22
12522	730662717	Karimova Gulmira	22
12523	6390315602	Rahimova Munira	22
12524	382971803	Togʻoyeva Tozagul	22
12525	5327606850	Ochilova Mohinur	22
12526	7871262865	Yusupbayeva Durdona	22
12527	1049509324	Xakimova Dilnozaxon	22
12528	5213613959	Abdubannonov Sardor	22
12529	1866656352	Xolboyeva Zuhraxon	22
12530	1852557517	Ne'matullayeva Baxtigul	22
12531	643645600	O'g'ilnoz Xidirova	22
12532	7126726981	Maxmatqobilova Fozila	22
12533	1442272902	Ibragimova Nigora	22
12534	637145309	Farrux Nuratdinov	22
12535	7312880150	Xasanova	22
12536	5937123937	Nazarova E ʼtibor	22
12537	1346037986	Abduraxmonov Ahmad	22
12538	7918118523	Yo'ldosheva Muhayyo	22
12539	1174714754	Muzaffarova Qimmat	23
12540	6166751895	Mavlonova Shoiraxn	23
12541	677286849	Mexribon Abdullayeva	23
12542	8414999928	Saydullayeva BAXTINISO	23
12543	605036878	Abdutolib Abdusalomov	23
12544	2125705352	Sherbekova Zarina	23
12545	6634384961	Xurramova Noila	23
12546	8454898411	Gafurova Albina	23
12547	8556755726	Sadullayeva Dinora	23
12548	847275414	Jumanov Bilol	23
12549	6643115170	Akbarova Muattar	23
12550	7302864980	Sobirov Javohir	23
12551	1678827625	Sattarov Ogʻabek	23
12552	5541366029	Saydaliyeva Gavxaroy	23
12553	1430152284	Ismailova Muxayyo	23
12554	5736557212	Xakimova Asila	23
12555	646750884	Murodjon Ergashov	23
12556	5569332396	Xolmirzayeva Mahmuda	23
12557	2146932292	Allayorov O'ktam	23
12558	389928431	Rajabov Shodiyor	23
12559	303534079	Toshmatov O	23
12560	1215093432	Xudayqulov Jurabek	23
12561	630520669	Yoshuzoqova Jumasulton	23
12562	997559056	Nazarova Dilbahor	23
12563	5606527346	Toshpolatova Madinaxon	23
12564	8021058371	Shaxzodbek Erkinov	23
12565	5975762755	Bozorova Gullola	23
12566	8199668250	Zarnigor Ibodullayeva	23
12567	290327562	Yusupova Iroda	23
12568	8270468959	Shokirova Bibisora	23
12569	1274762415	Boltaboyeva Azizaxon	23
12570	901587044	Mamatqulova Mohigul	23
12571	368478697	Qodirov Nurali	23
12572	710127544	Kucharov Urol	23
12573	1042133324	Manzuraxon Sattiyeva	23
12574	7247664015	Inoyatov Sunnatillo	23
12575	600759554	Sayfullayeva Zuxra	23
12576	710677626	Xolmirzayeva Shohida	23
12577	913251265	Atiyazova Matluba	23
12578	1931149962	Bahriddinov Bahrom	23
12579	1344302872	Raxilya Xalilova	23
12580	6759803205	Karimova Dilafruz	23
12581	5184612419	Karimova Nodira	23
12582	6869100796	Parvoz Sa'dullayev	23
12583	808153899	Ibragimova Nigora	23
12584	125981579	Muqaddas Mahitdinova	23
12585	7818331326	Karimova Dilafruz	23
12586	7823648546	Малохат Холназарова	23
12587	5809438254	Xudoyberdiyev Ibrohim	23
12588	8403948235	Xalillayeva Ma'mura	23
12589	5257713533	Hayitova Mohidil	23
12590	5742490955	Umarali Qudratov	24
12591	1341525936	Karimova Maftunaxon	24
12592	73829732	Nasimova Dilnoza	24
12593	929909481	Mamadiyorov Muxammadi	24
12594	742592644	Sultanov Javlon	24
12598	7739277535	Munisa	24
12601	6937425719	Gulshanoy Irisova	24
12956	5755710484	Qayumova Vaziraxon	31
12975	1745250821	Dadajonova Dildora	31
12991	84612958	Adilbekova Baxtigul	31
12995	1106658915	Rajabov Farhod	31
12997	6341355749	Xalilov Abdumalik	32
13026	1253146283	Jumayev Fazliddin	32
13027	7773867887	Usubaliyeva Muazzamxon	32
13058	955617189	Shomurodova Nazokat	33
13059	7976057266	Xurshidbek Sotvoldiyev	33
13060	1138754162	Ismoiljonova Gavharoy	33
13092	5310696757	Nodira Ashirova	33
13093	477279347	Kumushoy Husenova	33
13094	6007143554	Otaqulov Abdurahmon	33
13112	7924057239	Jurayeva Feruza	34
13113	1189442292	Hasanboyeva Dilshoda	34
13135	8022332167	Guliyeva Farida	34
13137	657771731	Hamroyeva Marg'uba	34
13157	5447669508	Uljayeva Mohichehra	35
13158	1942460089	Abduxalilova Feruza	35
13177	773218662	Ochilova Maktuba	35
13178	425271087	Olimova Maqsuda	35
13193	5171371269	Radjabova Firuza	35
13194	1419911623	Венера Муратбаева	35
13216	1172874471	Abdurasulov To‘lqinjon	36
13217	659147773	Dilorom Aslonova	36
13249	6935454834	Ismoilov hayotjon	36
13273	6115541421	Toreniyazova Ayjamal	37
13275	6988151006	Asadova Shoxsanam	37
13277	743779436	Fayziyeva Nazokat	37
13295	6319229009	Duysenbaev Baxadir	37
13314	5225751693	Quchqorova Gulchexra	38
13329	5665534970	Nafisa Hamrayeva	38
13348	7346316925	Asima Baxtibekova	38
13368	5298879655	Nuratdinova Nazima	39
13389	521699732	Meliqo'ziyev G'ayrat	39
13402	5657574652	Sobirov Maqsadbek	39
13418	6994031753	Abdiyeva Jang'il	40
13419	344757874	Esonov Sherbek	40
13435	6873650634	Boltayeva Raʼno	40
13436	5662843807	To‘xtayeva Kamola	40
13438	7478998586	Muharramoy Erkinjonova	40
13451	8266941739	Shodjonova Halovat	40
13452	5506049370	Aziza Quvvatova	40
13468	6589933493	Mardanov G'iyos	41
13485	399125957	Матмуратова Гулнара	41
13501	675862228	Адилова Зебо	41
13515	1562097098	Пу́латова Шохиста	41
13534	524771968	Jumamuratova Shiyrin	42
13556	1148504273	Karimberdiyeva Fotima	42
13559	95338473	Xidirov Islom	42
13560	7243154460	Bekboʻtayeva M	42
13587	8361128936	Shoxsanam Abdalimova	43
13614	352282	Абдурахимова Нодира	43
13615	8155800039	Said Soliev	43
13616	1153656003	Abduxamedova Nafosat	43
13629	837630209	Otajonova Feruzaxon	44
13645	1691735615	Shoxista Xoldorova	44
13660	7071970319	Sodiqova Xolidaxon	44
13678	914274147	Abduqaxarova Sarvinoz	45
13694	7718998130	Sevara Xolmirzayeva	45
13709	1874814454	Farida Ismaylova	45
13726	7891977478	Orifjonova Nazokat	45
13744	823818246	Oqiljon Narzulloyev	46
13745	1214360103	Ahmedova Dilnoza	46
13766	855425440	Ulashova E'zoza	46
13781	1116301823	Суюнов Икромжон	47
13782	6945533434	Nozimaxon Oripova	47
13783	1339890415	Sherg'oziyev Zikirillo	47
13804	5168017432	Joʻrayeva Gulchehra	47
13819	279815261	Xaydarova Gulshanoy	47
13820	7632369154	Qoʻchqorov Nurbek	47
13834	6730272958	Oʻzgarova Holida	47
13835	1034807527	Nargiza Vaxidova	48
13858	6143521788	Abdimalikova Dilnoza	48
13875	6700854075	Xoliqova Gulchexra	48
13888	7509998330	Ergasheva Saboxat	49
13904	959515690	Yusupova Dilnoza	49
13917	7344910176	Olimova Malohat	49
13931	1132351856	Solijonov Humoyun	49
13945	658744989	Firuza Togayeva	49
13958	832742425	Oʻktamova Saida	50
12595	8065048434	Tursunxo‘jayeva Ximoyatxon	24
12597	1255976954	Bozorova Gulbahor	24
12957	390669891	Sadirov San'at	31
12958	8309892797	Ergasheva Munira	31
12960	5436273354	Maftuna Rustamovna	31
12976	6249243584	Yangiboyeva Maftuna	31
12992	5623435601	Abdujalilova Odinaxon	31
12993	7042518616	Saliyeva Dildoraxon	31
12994	1051289293	Ernafasova Munavvar	31
12996	5326827530	OʼRINOVA Dilshoda Faxriddinovna	32
12998	7119789635	Ahrorbek Ahmadjanov	32
13028	7965220921	Sardor Murtozayev	32
13063	6900010990	Xoliqova	33
13066	1100839996	Maloxatxon Ashurova	33
13067	8191059369	Ğayrat Sapayev	33
13068	1608099060	Sayidova Shaxriniso	33
13096	7392689129	Primova Shohsanam	33
13099	8381885535	Turayeva Nargiza	34
13114	1902773843	Atadjanova Muqaddas	34
13136	1955618781	Raximova Gulmira	34
13159	1028092995	Zarnigor Parpiyeva	35
13160	6375281477	Hikmatova Dilnoza Akbarovna	35
13179	5485227138	Kuziboyeva Muattar	35
13195	628291021	Rajabov Lutfullo	35
13196	1095655095	Kenesbaeva Shaxnoza	35
13218	1405649867	Siddiqova Mohiraxon	36
13250	6223049801	Usmanova Shaxnoza	36
13252	6239440122	Ashurov Kamol	36
13254	5195809404	Ergasheva Mohinut	36
13274	7295528404	Karimova Anora	37
13276	1892453021	Maqsudov Davlatbek	37
13296	7314146406	Mehmonqulova Sojida	37
13315	6671016228	Dovurov Davron	38
13331	1870376969	Sherzod Jononov	38
13349	603138417	Kamolova Dilnoza	38
13350	7542453033	Jasur Boboyev Toyirovich	38
13369	100450406	Muhayyo Bahramovna	39
13390	1038922231	Toʻlagonova Ozoda	39
13404	1064833872	Toxirova Oydin	39
13420	6914683926	Abdullayeva Aʼloxon	40
13437	8511687970	Ubaydullaeva Aziza	40
13453	5631961139	Komila Raxmatova	40
13469	1952640504	Oysha Jabborova	41
13486	753339720	Qazakbayeva Surayyo	41
13487	440840281	Gulnora Bekmurzayeva	41
13502	8467541184	Odinaxon Xolmatova	41
13516	6056896570	Avazova Dilora	41
13535	1976314847	Muhammadziyo Nabiyev	42
13536	7437233508	Safarboyeva Rohatoy	42
13557	5591260591	Olimova Mohidil	42
13558	1793838067	Nematova Hilola	42
13563	8485448305	Abuyeva Nargiza	42
13590	1861284580	Ismoilova Ma'mura	43
13591	2054298277	Yo'ldasheva Ozoda	43
13617	6962695122	Nomonova Nigina	43
13630	1431273648	Jo'raqulova Gulnoza	44
13646	772850026	Ergasheva Nigora	44
13661	6047229227	Usmonova Gulhayoxon	44
13662	305704085	Siddikova Dilrabo	44
13679	5586943813	Mahliyo Rasulova	45
13695	667050963	Karimova Muxabbat Azat qizi	45
13696	921601227	Qulmatova Guzal	45
13710	6880375288	Polatova Zarnigor	45
13728	8346849127	Ozoda	46
13729	983518546	Abdusattorova Dilfuza	46
13746	649937378	Ergashova Gulhayo	46
13767	1360152466	Shukurov Lochinbek	46
13769	8080641568	Kaxramonova Navruza	46
13784	1068160544	Raximaxon Usmonova	47
13786	7505456452	G'aniyeva Zilola	47
13790	6928964591	Baxtiyor Ibragimov	47
13805	5328141192	Saidjamolova Marhabo	47
13806	8137713652	Marxaboxon Saidjamolova	47
13821	286620275	Юлдашева Наргиза	47
13837	7952116321	Haydarov Jamshid	48
13838	7262769566	Mamatova Zulfizar	48
13839	526441994	Shaxzod Oqnazarov	48
13859	5095077888	Yunusova Sarvinoz	48
13876	827073157	Quvondiqova Mehriniso	48
13889	6476292713	Sobirova Mohizodaxon	49
13905	1159240455	Dilafruz Raxmanova	49
13918	1608517091	Qozoqboyeva Nilufar	49
13932	8188772224	Rahmonova Hilolaxon Yoʻldashaliyevna	49
13946	7419704866	Amrilloyeva Mexribon	50
13959	5587375922	Mamajonova Saidaxon	50
12596	639123449	Beknazarova Karima	24
12599	7726058925	Aziza Urinboyeva	24
12600	7911858890	Yodgorjon Rejepov	24
12602	1138457496	Xodjabayeva Kamshat	24
12603	6856138919	Boynazarova Shahloxon	24
12604	6165282513	Ashurova Gulshoda	24
12605	7881014605	Axmadova Aziza	24
12606	525685700	Saltanat Seytniyazova	24
12607	6499531846	SolihaDovud	24
12608	5610124879	Joʻrayeva Dilafruz	24
12609	775138667	Tolibova Shahlo	24
12610	686699598	Amanbayeva Dilbar	24
12611	1099844763	Dilafruz Maxkamova	24
12612	1403411250	Dilfuza Ismoilova	24
12613	6182883315	Oʻsarova Muxlisa	24
12614	6175999973	Boqiyeva Gulchiroy	24
12615	8044016179	Dilafruz Joʻrayeva	24
12616	352971202	Nosirxonov Avazxon	24
12617	7013602761	Rahmatullayeva Madina	24
12618	8014440920	Hayitova Sevara	24
12619	1827751387	Sobirov Sarvar	24
12620	8161022120	Suyarov Jamshid	24
12621	337211648	Manazarova Ra’no	24
12622	1027513044	Davronov Bobur	24
12623	2007136	Usmonova Muyassar	24
12624	7652783619	Rasulova Moxira	24
12625	1681737352	Turayev Bozorboy	24
12626	6605884114	Шайдуллаева Дилноза	24
12627	7851948414	Pirnazarova Barchinoy	24
12628	7788548504	Munojat Aralova	24
12629	1921529640	Rahmatov Musojon	24
12630	877682041	Kuchkarova Maxsudaxon	24
12631	6769200998	Mamatqulova Xumora	24
12632	5826101215	Abdullayeva Mohinur	24
12633	5543225677	Muminjonova Shaxloxon	24
12634	261468874	Nazirova Barno	24
12635	6658869072	Firuza Bobonova	24
12636	8204030301	Dehqonova Nozima	24
12637	1271417263	Xayrullayeva Lola	24
12638	7654853271	Xudaybergenova Donoxon.	24
12639	864132711	Maxkamov Shavkatjon	24
12640	844603630	Usmanova Sadoqat	24
12641	7617150105	Bektosheva Sarvinoz	25
12642	648625228	Ruzitayeva Gulnoza	25
12643	282174855	Gulzira Mirzoyeva	25
12644	7515542655	Eshpoʻlatova Gavhar	25
12645	1497304038	Gulparshin Xamdullaeva	25
12646	5787324735	Boborasulov Nurbek	25
12647	976015190	Ilyosov Madiyor	25
12648	6609916542	Nozima Xojamova	25
12649	855002310	Togʻayniyozov Sunnatullo	25
12650	6561715947	Qayumov Islom	25
12651	507873159	Nuriddinova Nargiza	25
12652	5032460532	Saodat Jurayeva	25
12653	6697205835	Eshonqulova Navruza	25
12654	593191213	Shodiboyeva Zarnigor	25
12655	7119794703	Fozilova Ezoza	25
12656	510462960	Ибодатжон Мамадалиева	25
12657	5771063268	Sultonova Mahbubaxon	25
12658	1792421022	Vohidova Muhabbat	25
12659	655027236	Djambayeva Matlyuba	25
12660	8187239296	Sadoqat Muhamadaliyeva	25
12661	849235270	Alikulova Muborak	25
12662	6509063602	Choriyeva Zebiniso	25
12663	822267243	Djurayeva Dilorom	25
12664	8546751539	Yoʻldosheva Zulfinur	25
12665	8270565136	Muminova Zilolaxon	25
12666	118823841	Azamat Shukurov	25
12667	2094754178	Solijonova Mahfuzaxon	25
12668	1383616031	Ahmadova Sevara	25
12669	787725292	Xabibullayev Nurmuxammad	25
12670	977287518	Bo'riyev Dilshod	25
12671	235137149	Ergasheva Nafosat	25
12672	7698278569	Dinora Hikmatova	25
12673	8464115178	Baxronova Ozoda	25
12674	894441516	Bekzod Abdumalikov	25
12675	908659558	Umarova Visola	25
12676	8459784599	Madina Abdulloyevna	25
12677	7277746408	Xushnud jovliyev	25
12678	544564766	/topics	25
12679	690861028	Mohira Karimaliyea	25
12680	950146089	Mamadaliyeva Dildora Mamirjonovna	25
12681	7569583036	Yarasheva Go‘zal	25
12682	81054667	Sotimov Doniyor	25
12683	230440063	Хасанова Гулшода	25
12684	5433778457	Balxiya Sadullayeva	25
12685	7928208967	Нуралиева Муяссар	25
12686	670607400	Xaydarova Dildora	25
12687	8068249513	Xalilova gullola	25
12688	7670717847	Raximova Husnora	25
12689	7418860651	Xudoyberganova Oʻgʻiloy	25
12690	5231950166	Umarbek Asqaraliyev	25
12691	1029736580	Shamiyev Bahrom	25
12692	1015202974	Otalikova Dilnoza	26
12693	7592384949	Shoyimova Gulchiroy	26
12694	1490487589	Abdug'afforova Gulandom	26
12695	6122470485	Nasiba Fazlitdinova	26
12696	881192564	Jo'raqulov Umar	26
12697	7148940198	Saginbaeva Gulsim	26
12698	702583120	Baymuratova Sarbinaz	26
12699	301541463	Ibragimov Baxtiyor	26
12700	6315529127	Hamroyeva Gulnigor	26
12701	8306996654	TOʻXTAYEV Oʻktam	26
12702	6375482392	Mamadiyorova Sohiba	26
12703	1030257779	Ahmatjonova Gavharoy	26
12704	7421232960	Artiqboyeva Madinaxon	26
12706	1077641527	Raxmonova Aziza	26
12708	8319842456	Robiya Farmonova	26
12959	545605184	Сайымбетова Айзада	31
12977	5582061570	Malika Mustafaqulova	31
12999	7271162010	Rustam Xakimov	32
13001	344418493	Iqbol Raxmonova	32
13029	5138608976	Madina Zulunova	32
13033	8087475142	Haydarova Kumushxon	32
13034	133045966	Xo'jamberdiyeva Dildora	32
13064	1107647397	Dilbaroy Raxmonberdiyeva	33
13065	1549909483	Rahimov Risqiddin	33
13097	946583445	Xolmatova Dilshoda	33
13100	1200208347	Husenova Firuza	34
13115	1926656217	Nurmatova Nilufar	34
13138	7316227930	Qadamboyeva Mahliyo	34
13139	853170029	Absamadova Zamira	34
13140	8594022258	Nigora Toyerova	34
13161	5770604927	Qosimova Gulbahor	35
13181	6942408954	Sardor	35
13182	641040353	Dilorom Abduraxmonova	35
13197	945133927	Bannayeva Xurshida	35
13219	7300207570	Yusupova Amina	36
13220	8585688461	Xolmatov Alisher	36
13223	7107917457	Karimov Umid	36
13224	7444780473	Yòldoshaliyeva Imonaxon	36
13251	5768151992	Qulmanova Shohistaxon	36
13278	1096040116	Abdullayeva Navruza	37
13279	1912997370	Ismoilova dilnoza	37
13298	1984355784	Abdubannobova Lolaxon	37
13299	8007248221	Jangabergenova Bibiraba	37
13301	496912078	Ahadov.O	37
13316	1864231156	Usmonova Zebiniso	38
13332	7916308863	Ozodova Gulshoda	38
13351	7139646192	Sarvinoz Samatova	38
13370	5427208896	Xudoyqulova Nurxon	39
13371	6689330283	Aziza Durdiyeva	39
13372	6419380131	Xudaynazarova Dildora	39
13373	1557132258	Shoberdiyeva Shodiyona	39
13391	1463980499	Sobirov Maqsadbek	39
13405	2097469340	Po‘latova Z amiraxon	39
13421	1083495400	Alisherova Shahlo	40
13423	487282725	Рахмонова Умида	40
13424	7851270468	Oblaqulova Moxichexra	40
13439	7364844491	Nargiza Qilicheva	40
13454	7377372293	Eshpòlatova Nafosat	40
13470	661850443	Radjapova Nafisa	41
13488	970117657	Xaydarova Shaxodat	41
13503	7674019431	Yaqubova Gulxayo	41
13517	1395536563	Jumaniyazova Gulchehra	42
13537	5687125642	Tolegenova Gulnur	42
13538	8239642225	Toshniyozova Mahliyo	42
13561	8232001435	Obloqulov Sobir	42
13562	5611464032	Mamaj1onov Og'abek	42
13564	7323467573	Joldasov Alisher	42
13565	918375187	Abdullayev Soxib	42
13592	579081986	Valiyeva Zuhraxon	43
13594	7478442225	Muxtorov Asomiddin	43
13595	158209749	Hayitova Ruxsora	43
13596	1923321755	Qayumova Gulhayyo	43
13618	1706627724	Matchanov Temur	43
13631	5051193156	Xoshimova Ozoda	44
13647	1658984849	Joʻrayeva Muxlisa	44
13663	2121548218	Umirova Zoxida	44
13680	269783171	Ergashova Gulbahor	45
13697	416837444	Abdullayeva Nigora Zoyidovna	45
13711	8477090805	Shokirboyev Asadbek	45
13730	6752796239	Ibroxim Musurmonqulov	46
13731	825132735	Qarshiyeva Zebuniso	46
13747	1923274919	G‘aybullayeva Zarina	46
13748	5967982533	Tangirov Islombek	46
13749	559531860	Quvatov Sherali Odilovich	46
13768	5741010240	Anora Inatullayeva	46
13770	5646617822	Elova Xurshida	46
13785	8029528337	Furqat Soburov	47
13807	388135170	Adham Aslamov	47
13822	5949076719	Umarova Mohidil	47
13823	7849174489	Hasanova Mavludaxon	47
13840	6768173959	Davronova Sevaraxon	48
13860	8052155554	Muhiddinova Umidaxon	48
13861	6550573386	Raxmonova Aziza	48
13877	6448915097	Saidova Mavluda	48
13890	396800245	Elyor Qurbonov	49
13906	951031138	Gavxar Sharifova	49
13919	7090528665	Karimov G'iyosiddin	49
13933	6507471028	Abdulaziz Turdaliyev	49
13947	2145724417	Toʻlqinova Sarvinoz	50
13960	2145751273	Toʻrabekova Guljamol	50
12705	382884114	Komilov Ogʼabek	26
12961	304602295	Yulduz Ashurova	31
12962	8075000030	Qodirova Rahima	31
12978	5076120889	Abdiyeva Nargizaxon	31
13000	1034464518	Muhammadova Zamira	32
13002	636805364	Esemuratova Zuxra	32
13003	1740328325	Qurbonova Lazokat	32
13004	6487517459	Arkabayev Sanjarbek	32
13005	510897632	Mamatov Ro'ziboy	32
13030	1362799189	Shohruh Saparov	32
13031	826018880	Alimova Gulmira	32
13032	976388606	Yunusova Surayyo	32
13035	2056481719	Ergasheva Asila	32
13069	8520209401	Samatova Xolidaxon	33
13070	1286205271	Moʻminova Maxliyo	33
13098	7803313017	Muxiddinova Xushnida	33
13116	7518504042	Abdirahmonova Dilrabo	34
13141	1015384986	Ruziyeva Yulduz	34
13142	1969190469	Turdiyeva Shahodat	34
13162	800810043	Axrorova Roʻzigul	35
13163	402732704	Botirova Sevara	35
13183	1871874201	Muhitdin Yunusov	35
13198	857723892	Nurmatova Nargiza	35
13199	1175595309	Abdullayeva Sabrina	35
13221	993415359	Yoqubjonova Ozodahon	36
13253	6858488823	Saliya Kadirova	36
13280	7496557076	Носирова Шахло	37
13300	461598747	/topics	37
13303	7077674123	Sayfuddinov Alibek	37
13317	5287357050	Mahfuza Teshaboyeva	38
13333	6529994731	Nomozov Oybek	38
13335	976826669	Salimova Nodira	38
13352	5824552773	Jalolova Fayyoza	38
13374	6280731332	Sotvoldiyeva Hayitxon	39
13375	594261714	Shoxista Xoldorova	39
13392	7474016811	Mamutaliyeva Dildora	39
13406	205945957	Сариева Замира	39
13422	638853181	Sobirjonova Gulshoda	40
13440	836962614	Yusupova Leyla	40
13455	2020395854	Muxamedov Elyor	40
13471	1144453099	Dilnoza Nomozova	41
13489	8428216476	Davronova Muxlisa	41
13504	663528721	Saxanova Bagila	41
13518	8231936097	Ne'matullayev Farrux	42
13539	8040513553	Abdishukurova O'g'iloy	42
13566	575399515	Назарова Гулсина	42
13567	5409297563	Axmetshin Marat	42
13570	7954460834	Samadova Mohigul	42
13593	450359867	/topics	43
13619	385415615	Qilichova Gulnoza	43
13632	321207370	Shaymardanqulov Akram	44
13648	8203330318	Yo'ldoshboy	44
13664	8145421876	Mavlanova Zulayho	44
13665	7571020954	Halilova Maftuna	44
13681	7110035143	/topics	45
13684	123710398	Рахманова Феруза	45
13698	1653532147	Mohinabonu Axtamova	45
13712	7876635288	Tilavova Ozoda	45
13714	498494663	Mohigul Shirinova	45
13732	6747582892	Muratov Xusniddin	46
13750	6829516415	Gulnoz Hamrayeva	46
13751	2147434036	Husnidaxon Eshonqulova	46
13771	931269536	Акбарова Феруза	46
13787	928675191	RAZOQOVA SALOMAT	47
13788	2101935275	Murotqobilova Bahora	47
13789	6888673	BONU MATNAZAROVA	47
13808	690204076	Abdullayeva Dilrabo	47
13824	7005253569	Inobat Xudoybergenova	47
13841	8231018558	Choriyeva Xursanoy	48
13842	8330317809	Jonguloy Nasriddinova	48
13843	2112909309	Toshboʻlov Berkin	48
13862	1840560459	Abdujabborova Dildoraxon	48
13878	5343375394	Mahkamova Dilraboxon	48
13891	5686350781	Elvira Baxridullayeva	49
13907	8396334141	Oxinova Dilnoza	49
13920	1953548030	Soliyeva Maftuna	49
13934	819397570	O'ktamxo'jayeva Umidaxon	49
13948	1420490072	Ulugʻmurodova Oydin	50
13961	6155832900	Sharofidinova Dildora	50
12707	551087402	Tojiboyev Hamidjon	26
12709	839117978	Xatamova Gulbahor	26
12710	5327713979	/topics	26
12711	384419746	Xolikova Nafisa Shavkatovna	26
12712	1134921775	Xalilova Mohira	26
12713	970820835	Rajabov Hasan	26
12714	1450239329	Тошматова Гулноза	26
12715	1240476867	Mamadaliyeva Maftuna	26
12716	5779731840	Jumatova Gulasal	26
12717	688416214	Tuychiyev Sharof	26
12718	5695308949	Abdunazarova Himoyatxon	26
12719	6410680199	Malohat Yulchiyeva	26
12720	6308541326	Axmedova Vazira	26
12721	6634558694	A'zamjonova Shahlo	26
12722	5809203131	Matchanova Dilshoda	26
12723	7314979295	Musayeva Gavhar	26
12724	1062999121	Kalonova Sabohat	26
12725	1400487026	Olloberganov Manzura	26
12726	7015218372	Alijonova Mohigul	26
12727	570310569	Esemuratova Zamira	26
12728	5073320066	Gulnoza Hamroyeva	26
12729	992026160	Ùmitxan Tlepbergenova	26
12730	6986674540	Karimov Jamshid	26
12731	6716789605	Jumaqulova Sabrina	26
12732	5114018779	Polvanova Maftuna	26
12733	2144113217	Begis Kalibayev	26
12734	1362583533	Ibrohimova Shahlo	26
12735	1056959717	Sharobiddinov Jaloliddin	26
12736	472818820	Qurbonova Muborak	26
12737	7096499982	Mamazokirova Diyora	26
12738	1414170408	Xalilova Nasiba	26
12739	1863793034	Abdullayeva Mashxuraxon	26
12740	5499491595	Yusupova Oygul	26
12741	639133934	Xo'jayeva Laylo	26
12742	1787041887	Kamola Yarmaxmatova	27
12743	7909817312	Murtoz Obidov	27
12744	5265919395	Abdurasulov Diyorbek	27
12745	1863487717	Shaxnoza Turobova Azamatovna	27
12746	677481592	Tanjarikova Maftuna	27
12747	1612742626	Rasulova Dilora	27
12748	1420584552	Maftuna Mirzaliyeva	27
12749	5404255138	Ashurova Farida	27
12750	1954218232	Abror Rajapov	27
12751	1791422334	Батынова Дамира	27
12752	5977236208	Sevarova Surayyo	27
12753	8106793793	Маматов Гайрат	27
12754	516826032	Ashurova Menura	27
12755	846583316	Botirova Nigoraxon	27
12756	535935348	Axrorova Zulxumor	27
12757	907549024	Sobirova Subinsoxon	27
12758	923889766	Shomurodova Dildora	27
12759	8089899402	Zoirov Asadbek	27
12760	6442699530	Raximova Zulayxo	27
12761	659992758	Xudoyqulova Zulxumor	27
12762	1165958440	Usmonova Shohida	27
12763	5992536288	Мадаминова Фотима	27
12764	1106867437	Davlatov Lochinbek	27
12765	1895484408	Shahyora Murodova	27
12766	402471479	Akbarova Mukarram	27
12767	6593276261	Usmonov Diyor	27
12768	636234740	Erkaboyeva Sayyoraxon	27
12769	1853108015	Madiyeva Manzura	27
12770	1181465109	Qobilova Gulzoda	27
12771	8083938455	Salohiddinova Gullola	27
12772	6403680767	Asilova Sayyora	27
12773	969736191	Sultonqulova Nargiza	27
12774	7028914099	Utemuratova Nargiza	27
12775	272842039	Bozorov Bekzod	27
12776	912891897	Teshaboyeva Bashoratxon	27
12777	5472139026	Xolmurodova Go'zal	27
12778	1535649306	Ibodov Shuxrat	27
12779	1637309376	Akbarov Mansurjon	27
12780	1957786375	Ergasheva Feruzabonu	27
12781	1672989730	Yuldasheva Mashhura	27
12782	8275218439	Дилноза	27
12783	7397735288	Ashurova Muxabbat	27
12784	712479996	Abduraimova Margʻuba	27
12785	714710026	Saparov.Adilbay	27
12786	7230551451	Умарова Мадхия	27
12787	6048355602	Vazira Mamatova	27
12788	8490393215	sulaymanova shaxzoda	27
12789	7459383643	Olimaxon Rahimova	27
12790	1387878326	Soatov Olim	27
12791	2101855308	Turdiyev  Sur at	27
12792	315283146	Qoryogʻdiyev Olchinbek	27
12793	1201909469	Abulniyozova Dilfuza	27
12794	6625019576	Zuhro Suyarova	28
12795	6160226210	Hojimatova Nasiba	28
12796	6784545431	Mazmuna Maʼmurova	28
12797	744792365	Shamsiyeva Mehrinoz	28
12798	1444013564	Nietbaeva Aysanem	28
12799	5037718581	Atoyeva Nodira	28
12800	1089292870	Saxlayev Qahramon	28
12801	6718517356	Axmedova Anorgul	28
12802	5622368049	Aslonova Gulhayo	28
12803	1117918627	Sadullayeva Dilrabo	28
12804	631743490	Sanakulov Dilmurod	28
12805	1082662860	Joʻrayeva Zulayho	28
12806	636274746	Kasimov Dauletbay	28
12807	903964346	Ubaydova Malika	28
12808	7922499684	Toshtemirova Muqima	28
12809	7122539836	Nazokag Mirzayeva	28
12810	1394131958	Otaqulov Farhod	28
12811	1090300638	Roxatoy Djamalova	28
12812	697003004	Jumayeva Maftuna	28
12813	8346050669	Maftuna Xamdamova	28
12814	6865261474	Отабек Мавлонов	28
12963	1836231085	Ismoiljonova Ziyoda	31
12964	7706370769	Matniyozbek Raximov	31
12979	7421641047	Дилафруз Клдирова	31
13006	328841091	Siddiqova Xosiyatxon	32
13036	1815710282	Haydarqulov Shohzod	32
13039	1061170508	Nurulloyeva Gulchehra	32
13040	159112472	Amonova Sharofat	32
13071	846200675	Husan Hikmatov	33
13072	8101428925	Abdurahimova Sevara	33
13073	7649613008	BOSIMOV BAXTIYOR	33
13075	453333372	Jabborova Sevara	33
13076	5402339621	Yusupova Dilorom	33
13101	931811506	Xojanova Umitay	34
13117	739600514	Egamberganova Dilfuza	34
13118	7227877816	Jalgasova Nigora	34
13143	7464981957	E'tiborxon Qobilova	34
13164	6141595804	Po'lotova Maqsuda	35
13184	1033201972	Karimova Xurshida	35
13200	1391029782	Yuldasheva Gulchexra Kamolidinovna	35
13201	1221868933	Olimjon Saydahmedov	35
13203	5550595709	Eshonova Aziza	35
13222	499764790	Aqqiyeva Xurshida	36
13255	1989493845	Ibragimova Dilnozaxon	36
13281	778912236	Zulfiqarov Norpo'lat	37
13282	5247553319	Odilbekovna Matluba	37
13302	2105056780	Doston Nuratdinov	37
13318	6700530246	Nematova Zilola	38
13320	7335205773	Abdurahmonov Boburjon	38
13334	1304036476	Sayyora Qosimova	38
13353	7538354848	Olimjonova Baxtigul	38
13354	1067546687	Tuxtayeva Gulida	38
13376	702232186	Esanov Davronbek	39
13393	8414436370	Aslonova Gulhayo	39
13407	959513996	Abdullayeva Zaynabxon	39
13425	5962737988	G'iyosiddinova Diyora	40
13426	968067168	Shaxnoza Egamberdiyeva	40
13441	796889568	Abdiraximov Rustam	40
13442	8331736307	Xudoyberganov Otabek	40
13456	1667167407	Samandar Ikromov	40
13472	5401145624	Ergasheva Mohigul	41
13490	617875399	G'aniyeva Kumush	41
13505	5835179383	Sevara Mamatova	41
13519	1075013900	Muqaddas Komilovna	42
13540	858418134	Faxriddin Kurbanov	42
13568	1265323524	Zorqarayev Juramurod	41
13569	6329835682	Toshqulova Ro‘zixol	42
13571	7156117903	Suyunov Zulfiqor	42
13573	5685797197	Diyoraxon Yoqubova	43
13597	1939500146	Paxriddinova Komila	43
13620	5497480592	Dilola Qilichova	43
13633	756024921	Temirova Shoiraxon	44
13635	2133181013	Abdullayeva Yulduz	44
13649	7062665679	Abdug'aniyev Bekzodbek	44
13650	1119356499	Tajiboyeva Muxayyo Shaxobiddinovna	44
13666	261115565	Rasuljon Mirzakarimov	44
13667	2127349220	Nurmamatova Zebuniso	44
13668	5585791282	Umidaxon Erkaliyeva	44
13682	967955310	Xolliyeva Dilnoza	45
13683	1442992250	Fayyoza Tosheva	45
13699	894552922	Xasanov Abduqodir	45
13713	5844951772	RAXIMOV ELBEK	45
13733	1284931378	Egamov Farrux	46
13734	7969450411	Farmonova Komila	46
13752	459077373	Xolmatova Shodiya	46
13772	5000767588	Бойболаева Барно Абдурахмановна	46
13791	5327760810	Gulmuradov Zafar	47
13809	1229621958	Mamatqobilova Dilnoz	47
13825	1122436259	Yusupov Xursanbek	47
13844	883794197	Suyunova Zarina	48
13863	8586561533	Nasirddinova Charosxon	48
13879	8455810097	Egamberdiyeva Eʼzozxon	48
13892	545147219	Jo'raboyev Muxammadsoyib	49
13908	6430860948	Nozimaxon Usmonova	49
13921	6954269088	Oribjonova Dilnoza	49
13935	1266127072	Fayzimatova Habibaxon	49
13949	7714405284	Qamchibekova Gullola	50
13962	6328326060	Tuxtayeva Dilfuza	50
12815	1567837095	Ташимбетова Гаухар	28
12965	974386456	Avazova Umida	31
12966	788470340	Nurmetova Mavlyuda	31
12980	7345240344	Fayziyeva Oygul	31
13007	1376705083	Dilbar Tairova	32
13037	6352372544	Erejepov Zaripbay	32
13038	6651631059	Boltaboyeva Sayyora	32
13074	510096960	Òĝiloy Fozilovna	33
13077	2065469990	Tilavboyeva Farangiz	33
13102	1168050322	Abduxalilova Sevara	34
13119	710324668	Yuldasheva Gulxan	34
13120	466979755	Munavvar Tojiboyeva	34
13144	1362683570	Atamirzayeva Zulayho	34
13165	6412021051	Navro'zova Nurjon	35
13166	5605149731	Muhammadjonova Gulbahor	35
13185	6088995519	Narzullayeva Charos	35
13202	624383620	Umatova Zulfiya	35
13225	1221278232	Boboqulova Rayxon	36
13226	6104238069	Ibragimova Umidaxon	36
13227	1425992532	Boboyeva Zamira	36
13228	6132337953	Husanova Mahfuza	36
13256	7350574772	Xoʻjaqulova Sevara	36
13258	8128831699	Oydinova Zahro	36
13259	638503248	Berdiqobilov Raxmatulla	37
13283	2005596535	Mohinabonu Zokirova	37
13284	657086682	Joʻrayev Firdavs	37
13286	8071819852	Ismoilova Dilnavoz	37
13304	418459818	Nargiza Nurimova	37
13305	6288861207	Omanulloyev Shoxrux	37
13319	7704108924	Tillaboyeva Dilobar	38
13336	899730072	Olimov Mirkomil	38
13338	5136761146	Pòlatova Zarina	38
13355	1004475075	Yusupova Yulduz	38
13377	6515987355	Xudayberganova Kumushoy	39
13394	693794951	Muslima Abdiniyazova	39
13408	6239867349	Atajanova Dildora	39
13427	7539105721	Toʻxtatoshev Asqar	40
13443	5032489076	Oʻralov Xayrulla	40
13457	5109300305	Atoyeva Aziza	40
13473	1212973230	Mamatqobilov Rasul	41
13491	8077695015	Namozova Nilufar	41
13492	869954858	Karimova Fotima	41
13506	747947130	Poʻlatova Dildoraxon	41
13520	770832367	Yoldoaheva Zebo	42
13541	363364060	Rahimqulova Gulrux	42
13572	6049700350	Qarshiyev Elyor	43
13574	1007641340	Dilnoza Muqimova	43
13598	608450900	ZAMIRA AYTMURATOVA	43
13599	7701862580	Parpiyeva Nargiza	43
13621	6025617378	Ibroximova Gulmira	43
13634	5811835342	Дадабаева Манзурахон	44
13651	65033865	RIXSIBOYEVA DILDORA	44
13669	5917246457	Obloqulova Sohiba	44
13685	6303456911	Boboqulova Shirinoy	45
13700	709420905	Qulsog'atov Xayrullo	45
13715	1092471648	Abdirimova Nilufar	45
13735	8454635538	Abduvaitova Jumagul	46
13753	5539220518	Hikmat Ollaberganov	46
13773	1108125235	Xojiyeva Dilnoza	46
13792	669785157	Dolimova Dilrabo	47
13793	1714418607	Botiraliyeva Zarnigor	47
13810	677350634	Berdikulov Ahmadali	47
13826	7555444208	Zubayda Urisheva	47
13845	515730467	Barno Namanova	48
13864	204593956	Temirova Mehrinoz	48
13880	942128224	Janseitova Dilbar	48
13893	644371329	Fozilova Maftuna	49
13909	728526008	Xolmurova Gavhar	49
13922	8554410515	Erkinboyeva Xonoyim	49
13936	6121452733	Davronov Shaxzod	49
13937	8021406531	Omonov Bekjon	50
13950	752274359	Umirova Maftuna	50
13963	752001927	Abdullayeva Safuraxon	50
12816	1610484287	Muhammadiyev Farrux	28
12817	554217671	Ismoil Yarmatov	28
12818	5570494014	Ergasheva Yoqutxon	28
12819	835980266	Abduraximova Adolat	28
12820	1231791232	Nozim Xidirov	28
12821	502935671	Gulxumor Bekimbetova	28
12822	1424110732	Uralov Umidjon	28
12823	5492029749	Feruza Azamatova	28
12824	7894598460	Qoʻshayeva Gulshoda	28
12825	2134123348	Mahbuba Nematova	28
12826	771150465	Viloyat Boboyarova	28
12827	776258411	Abdisaidova Nigora	28
12828	5546738655	Samiyeva Shahnoza	28
12829	963303024	Xojanova Shiringul	28
12830	645905964	Bekjon Nomazov	28
12831	6500705261	Roʻziyev Diyor	28
12832	691440132	Raxmonova Erashgul	28
12833	5470364421	Ruzmatov Asadbek	28
12834	1379163669	Ахунова Гулдария	28
12835	6080011278	Madgʻoziyeva Maftuna	28
12836	735205230	Ortiqova Gulyora	28
12837	1331125350	Abdurasulova Gulbarchin	28
12838	848676310	Usmonov Amirullo	28
12839	847009342	Hamroyeva Mohinur	28
12840	1129073023	Muhayyo Parpiyeva	28
12841	5934784504	Raximova Goʻzal	28
12842	1711510306	Barchinoy Omonova	28
12843	7462207525	Omonova Muqaddas	28
12844	7326045681	Bekmirzayeva Hafiza	29
12845	2043828185	Nodira Izmaxanova	29
12846	676945520	Mamasoliyeva Gulsanam	29
12847	1473809528	Shuhratova Durdona	29
12848	6197007204	Kamoloddinova Sitora	29
12849	965223555	Jalilova Namuna	29
12850	7197324849	Sharipova Nozima	29
12851	7050372226	Alijonova Muhayyoxon	29
12852	1822713376	Xudaybetganova Latofat	29
12853	1087451400	Komilova Shoxida	29
12854	760047876	Dadajonova Nilufar	29
12855	7531698313	Shaxodat Sharipova	29
12856	1159014905	Asatillayev Zuhriddin	29
12857	1088430349	Sarvinoz Boyqo‘ziyeva	29
12858	5834252993	Muhayyo Mamajonova	29
12859	7577173353	Yuldasheva Shohista	29
12860	6403954289	Axmedova Nargiza	29
12861	5491753536	Radjabova Firuza	29
12862	5655149828	Toʻxtapoʻlatova Shalola	29
12863	5237278337	Zulfiya Raxmanova	29
12864	227684023	Elmirzayev Parvoz	29
12865	2104870288	Zuhraxon Komilova	29
12866	7999187998	Diyorbek Ismoilov	29
12867	316573563	Djurayeva Parvina	29
12868	488025666	Otamurodova Gulnoza	29
12869	966892345	Xolmatova Gullola	29
12870	370397243	Xudoyqulova Xosiyat	29
12871	758047698	Lazizbek Rahmonov	29
12872	5286199997	Boliyeva Laylo	29
12873	494138084	Dildora Bektosheva	29
12874	7609581218	Mahzuna  Sobirova	29
12875	8320827463	Otaxanova Mayramxon	29
12876	6082199271	Kodirova Maftuna	29
12877	773466321	Mamarahimova Muslimaxon	29
12878	7826874539	Oʻrolova Sabohat	29
12879	8286806504	Abduvaliyev Abdurahmon	29
12880	6652534172	Joʻrayeva Zulxumor	29
12881	790183550	Yoriyev Akobir	29
12882	2051541153	Uralov Boymurod	29
12883	866881965	Soliha Hamroyeva	29
12884	7775065708	Baxshullayeva Yodgora	29
12885	6765746249	Rajapova Dilafruz	29
12886	1853038195	Sabohat Jo‘rayeva	29
12887	725381874	Aliqulova Mahliyo	29
12888	6193366539	Ergash Saidov	29
12889	628393818	Djalilova Muxarram	29
12890	1615409986	Mamirova Maftuna	29
12891	967100674	Erkinova Lobar	29
12892	808719390	Nurmetova Gulbahor	29
12893	931390906	Berdiyeva Nafisa	29
12894	1235551978	Toʻxtaboyev Islomjon	29
12895	6457052795	Usmonova Zilola Zulfiqor qizi.	30
12896	7718522391	Sevara Ismoilova	30
12897	474842356	Xusanova Muattar	30
12898	579876590	Mahbuba Jurayeva	30
12899	1292775454	Adham Akbarov	30
12900	3822911	Diyorbek Dushamov	30
12901	5819024888	Gulnoza Abdurozzaqova	30
12902	6878473545	Xoliqov Oxunjon	30
12903	5093116058	Marxaboxon Saidjamolova	30
12904	1339723437	Sevara Xudoynazarova	30
12905	664713453	Xudayberganov Ziyobek	30
12906	1174724746	Xalikulova Malohat	30
12907	7959665744	Jumaqulova Nilufar	30
12908	1754078622	Vahopova Mahfuzaxon	30
12909	5403267515	Nozima Jalolova	30
12910	6592503267	Qo'chqorova Muharram	30
12911	598472727	Nasiba Shahobova	30
12912	1002797272	Abdusalamova Gulniso	30
12913	5445543464	Xakimova Mavludaxon	30
12914	1092389301	Abdirimova Dilnoza	30
12915	915736204	Аметова Салтанат	30
12916	5159850654	Abduraximova Feruza	30
12917	724064673	Nozimaxon Nabiyeva	30
12918	1096670159	Baxodirova Sohiba	30
12919	7495684284	Ozodova Shohruza	30
12920	7956638079	Shoxrux Utalov	30
12921	1019675415	Xusanova Zoxida Ennazarovna	30
12922	8402853087	Yusupov Furqat	30
12923	6528981859	Saydullayev Husan	30
12924	667464471	Guli Sabirova	30
12925	591204648	Yusupova Gulhayo	30
12926	8370198582	Azzatjon Samandarova	30
12927	1716232535	Aynura Seylxanova	30
12928	1543607880	Sayyod Jumanazarov	30
12929	5221920904	Rustamova Munisa	30
12930	1352959112	Erdanova Surayyo	30
12931	5793158735	ERMATOV IBROXIM	30
12932	702179989	Mahliyo Umarova	30
12933	2092701360	Beknazarova Latofat	30
12934	880434936	Namozova Asiya	30
12935	8117116801	Abduolimov Zoir	30
12936	6233747912	Astanaqulova Zilolaxon	30
12937	549132291	Айдын Амангельдиева	30
12938	5733230767	Mamatqulov Furqat	30
12939	8251553607	O'roqova Mohichehra	30
12940	629294312	Umirov Asilbek	30
12941	7378299237	Akbarov Samar	30
12942	7808103522	Akramxujayev Mavlonbek	30
12967	783091078	Nilufar Shukurova	31
12981	7794401022	Abdusalomva Feruza	31
13008	8409548186	Safar Yaxshiyev	32
13009	1374918597	Otaboyev_Suxrob	32
13041	994177198	Ziyaboyeva Mavluda	32
13042	336473900	Mahammadibrohimova Nigora	32
13043	7796994508	Pardayeva Munisa	32
13078	2112540416	Jumanova Nodira	33
13080	8130539731	Mo'minova Marhaboxon	33
13081	788216881	Sattorov Toʻlqin	33
13082	5248200393	Hamdamova Madina	33
13103	1287676599	Qurbanova Gulnura	34
13104	6988116243	Ermatova Feruzaxon	34
13121	7620463038	Nurbek Eshtuxtayev	34
13122	5814714276	Mukarramxon Hozirjonova	34
13145	7320452544	Ro'zimurodov Sherali	34
13167	5614770515	Abdiraximova Nilufar	35
13186	1373709255	Salomov Azamat	35
13204	7218104770	Mamaziyayeva Yorqinoy	35
13205	5426025147	Qayirbaeva Nasiba	36
13229	1409639995	Хамроев Ахмаджон	36
13230	8300673602	Beshimova shalola	36
13235	7853891779	Egamberdiyeva Mahbuba	36
13236	5593158694	Alisher	36
13238	8544401677	Sadullayev Akmal	36
13239	8032428039	Kazaxbaev Kamalatdin	36
13257	5046442013	Mahkamova Nargiza	36
13260	8222884583	Boqiyeva Malika	37
13285	5044622270	Absanova Umida Saparovna	37
13306	698083257	Koraboyev Baxrom	37
13321	7089217452	Sohiba Olimova	38
13337	7184447546	Abdusattorova Mashhura	38
13339	7477156098	Nematova Muhayyo	38
13356	784021152	Ma'mura Maxmadiyorova	38
13358	5139153347	Pardayeva Shalola	38
13378	7814908120	Qudratova Yulduz	39
13395	6364508504	Fayziyev Asilbek	39
13409	436423368	Tulayeva Zebiniso	39
13428	568186657	Ilhomjon Sultonov	40
13444	1121953195	Mamirova Feruza	40
13458	670733500	Mahmudova Shohista	40
13460	5317315413	Adolat Ishonqulova	40
13474	6830571029	Elamonov Shaxtiyor	41
13493	2047791704	Matkarimov Bekzod	41
13494	1078419790	Begdullayeva Gulbaxor	41
13507	6186213630	SATTAROVA YULDUZ	41
13521	8050873712	/topics	42
13542	498894711	Azamat Toshpulatov	42
13575	892889108	Murodov Asilbek	43
13578	1163065117	Kodirova Dilfuza	43
13600	1129248617	Sarsenbaev Quwanishbek	43
13622	6168841201	Oxunjonova Xumoraxon	43
13636	1009686250	Badalov Shuxrat	44
13637	971813020	Zaripova Salomat	44
13652	1531188581	Muratova Shohista	44
13670	657795200	Bozorov Ziyadillo	44
13686	809000598	Boboyeva Iroda	45
13701	8002312938	Narzillayeva Mehrangiz	45
13702	1915663977	Muhammadiyev Nuriddin	45
13716	599790381	Rustamov Bobur	45
13736	5005994464	Bustonov ogʻabek	46
13754	704550415	Normurotov Saidali	46
13755	891347757	Yuldasheva Sadoqatxon	46
13774	5743853499	Ubaydullayeva Muhayyo	46
13794	8164561069	Azizova Komilaxon	47
13811	981448903	Kibriyo Qahorova	47
13827	298749672	Rasulov Abror	47
13846	8163295675	Abdumalikova Umirgulsun	48
13865	276164965	Obidova Nargizaxon	48
13881	7800477132	Temirov Abbos	48
13894	5572395084	Muxayyo Shermatova	49
13897	7823477412	Abdullayev Abdisalom	49
13910	384450899	Sattorova Lobar	49
13923	8256706334	Pardayev Mirzabek	49
13938	973363074	Jalolova Muhlisa	50
13951	2127418391	Abdujalilova Nilufar	50
13964	5250985553	Uralova Laylo	50
\.


--
-- Data for Name: base_app_task; Type: TABLE DATA; Schema: public; Owner: vazifa_user
--

COPY public.base_app_task (id, file_link, grade, submitted_at, student_id, topic_id, task_type, test_answers, test_code) FROM stdin;
\.


--
-- Data for Name: base_app_topic; Type: TABLE DATA; Schema: public; Owner: vazifa_user
--

COPY public.base_app_topic (id, title, created_at, is_active, correct_answers) FROM stdin;
\.


--
-- Data for Name: django_admin_log; Type: TABLE DATA; Schema: public; Owner: vazifa_user
--

COPY public.django_admin_log (id, action_time, object_id, object_repr, action_flag, change_message, content_type_id, user_id) FROM stdin;
1	2025-09-18 22:25:47.136+05	1	101-guruh	1	[{"added": {}}]	7	1
2	2025-09-18 22:25:56.248+05	2	102-guruh	1	[{"added": {}}]	7	1
3	2025-09-18 22:26:03.527+05	3	103-guruh	1	[{"added": {}}]	7	1
4	2025-09-18 22:45:50.143+05	1	Natural sonlar	1	[{"added": {}}]	8	1
5	2025-09-19 21:59:58.257+05	1	Qodirov R.H → Natural sonlar (Baholanmagan)	3		10	1
6	2025-09-19 22:46:04.691+05	2	Qodirov R.H → Natural sonlar (Baholanmagan)	3		10	1
7	2025-09-19 22:46:42.353+05	2	kasr sonlar	1	[{"added": {}}]	8	1
8	2025-09-19 22:47:10.951+05	4	Qodirov R.H → kasr sonlar (5)	2	[{"changed": {"fields": ["Grade"]}}]	10	1
9	2025-09-19 22:47:16.15+05	4	Qodirov R.H → kasr sonlar (Baholanmagan)	2	[{"changed": {"fields": ["Grade"]}}]	10	1
10	2025-09-19 22:52:25.683+05	3	Qodirov R.H → Natural sonlar (Baholanmagan)	3		10	1
11	2025-09-19 22:58:48.52+05	5	Qodirov R.H → Natural sonlar (4)	3		10	1
12	2025-09-19 22:58:48.52+05	4	Qodirov R.H → kasr sonlar (Baholanmagan)	3		10	1
13	2025-09-20 16:54:57.005+05	7	Qodirov R.H → kasr sonlar (5)	3		10	1
14	2025-09-20 17:29:34.917+05	1	101-guruh	2	[{"changed": {"fields": ["Telegram group id"]}}]	7	1
15	2025-09-20 20:55:35.931+05	2	kasr sonlar	2	[{"changed": {"fields": ["Is active"]}}]	8	1
16	2025-09-20 20:55:40.116+05	1	Natural sonlar	2	[{"changed": {"fields": ["Is active"]}}]	8	1
17	2025-09-20 20:55:45.917+05	8	Qodirov R.H → kasr sonlar (5)	3		10	1
18	2025-09-20 20:55:45.917+05	6	Qodirov R.H → Natural sonlar (3)	3		10	1
19	2025-09-20 21:47:41.436+05	2	kasr sonlar	2	[{"changed": {"fields": ["Is active"]}}]	8	1
20	2025-09-21 12:48:31.473+05	3	Qodirov Toyirjon Hasanovich (102-guruh)	3		9	1
21	2025-09-21 12:49:42.045+05	3	Mukammal sonlar	1	[{"added": {}}]	8	1
22	2025-09-21 12:49:59.031+05	4	test sinov	1	[{"added": {}}]	8	1
23	2025-09-21 12:56:53.206+05	4	Qodirov Toyirjon Hasanovich (102-guruh)	2	[{"changed": {"fields": ["Group"]}}]	9	1
24	2025-09-21 13:00:05.571+05	2	102-guruh	2	[{"changed": {"fields": ["Telegram group id"]}}]	7	1
25	2025-09-21 13:03:52.772+05	4	test sinov	2	[{"changed": {"fields": ["Is active"]}}]	8	1
26	2025-10-09 15:46:01.118+05	1	101-guruh	2	[{"changed": {"fields": ["Invite link"]}}]	7	1
27	2025-10-09 15:46:10.694+05	4	Qodirov Toyirjon Hasanovich (102-guruh)	3		9	1
28	2025-10-09 15:46:10.694+05	2	test testov (101-guruh)	3		9	1
29	2025-10-09 15:46:10.694+05	1	Qodirov R.H (101-guruh)	3		9	1
30	2025-10-09 15:58:38.851+05	5	Qodirov Rasulbek (101-guruh)	3		9	1
31	2025-10-09 16:13:07.229+05	6	Qodirov Rasulbek (101-guruh)	2	[]	9	1
32	2025-10-27 14:33:12.065+05	7	test testov (101-guruh)	3		9	1
33	2025-10-27 14:33:12.065+05	6	Qodirov Rasulbek (101-guruh)	3		9	1
34	2025-10-28 09:50:22.587+05	8	qwdqwefewf (101-guruh)	3		9	1
35	2025-10-28 10:03:53.653+05	9	/start (101-guruh)	3		9	1
36	2025-10-28 10:11:29.233+05	10	ewgwgwrg\\ (101-guruh)	3		9	1
37	2025-10-28 10:48:21.694+05	11	wdwefweewfgweg (101-guruh)	3		9	1
38	2025-10-29 10:14:11.001+05	12	Q.R>H (101-guruh)	3		9	1
39	2025-10-29 10:32:05.199+05	14	Test (101-guruh)	3		9	1
40	2025-10-29 12:28:01.99+05	15	fwefwfgwg (101-guruh)	3		9	1
41	2025-10-29 12:39:27.922+05	16	agafuag (101-guruh)	3		9	1
42	2025-10-29 12:50:51.809+05	17	sgserhger (101-guruh)	3		9	1
43	2025-10-29 16:11:04.838+05	18	wghwhwer (101-guruh)	3		9	1
44	2025-10-29 16:42:54.089+05	19	affkjwebkg (101-guruh)	3		9	1
45	2025-10-30 09:04:24.48+05	20	afsdfgsdg (101-guruh)	3		9	1
46	2025-10-30 09:33:04.775+05	21	adfsfseg (101-guruh)	3		9	1
47	2025-10-30 09:36:57.825+05	22	uvavfhsjfssg (101-guruh)	3		9	1
48	2025-10-30 09:44:42.707+05	23	sfsgsgss (101-guruh)	3		9	1
49	2025-10-30 09:56:39.468+05	24	rehyrtsu (101-guruh)	3		9	1
50	2025-10-30 10:01:10.786+05	25	segsgsrgr (101-guruh)	3		9	1
51	2025-10-30 10:03:06.993+05	26	ehehatehte\\ (101-guruh)	3		9	1
52	2025-10-30 14:12:37.561+05	27	wrgergegr (101-guruh)	3		9	1
53	2025-10-30 14:43:45.719+05	28	wegwggs (101-guruh)	3		9	1
54	2025-10-30 14:47:35.047+05	29	gwegwegwe (101-guruh)	3		9	1
55	2025-10-30 14:51:07.939+05	30	agadgsdgs (101-guruh)	3		9	1
56	2025-10-30 15:08:32.119+05	31	fsgsgsd (101-guruh)	3		9	1
57	2025-10-30 15:25:54.355+05	32	sdsdg (101-guruh)	3		9	1
58	2025-10-30 15:29:01.398+05	33	fgseggr (101-guruh)	3		9	1
59	2025-10-30 15:53:44.71+05	34	dafsdfsgs (101-guruh)	3		9	1
60	2025-10-30 16:04:50.661+05	35	ghghgvgv (101-guruh)	3		9	1
61	2025-10-30 16:06:46.62+05	36	fhbfuywe (101-guruh)	3		9	1
62	2025-10-30 16:11:21.349+05	37	afwefwe (101-guruh)	3		9	1
63	2025-10-31 10:06:46.855+05	38	dgsdgsdg (101-guruh)	3		9	1
64	2025-10-31 10:49:32.579+05	39	ajfafefjw (101-guruh)	3		9	1
65	2025-10-31 10:54:53.105+05	40	fwfwwgreg (101-guruh)	3		9	1
66	2025-10-31 10:57:03.049+05	41	sdgsgdgsg (101-guruh)	3		9	1
67	2025-10-31 11:00:12.171+05	42	afgger (101-guruh)	3		9	1
68	2025-10-31 11:41:42.527+05	43	xdgsdfgdg (101-guruh)	3		9	1
69	2025-11-03 10:15:06.784+05	44	gergerger (101-guruh)	3		9	1
70	2025-11-03 10:26:36.609+05	45	awfwfgweg (101-guruh)	3		9	1
71	2025-11-03 10:26:36.609+05	13	Q>RH (101-guruh)	3		9	1
72	2025-11-03 10:44:48.366+05	46	efwegwgw (101-guruh)	3		9	1
73	2025-11-03 10:57:02.234+05	47	faffgwgergre (101-guruh)	3		9	1
74	2025-11-03 11:00:37.498+05	48	egheghggihrth (101-guruh)	3		9	1
75	2025-11-03 11:27:05.348+05	49	efwgwgrwe (101-guruh)	3		9	1
76	2025-11-03 11:30:56.18+05	1	101-guruh	3		7	1
77	2025-11-12 09:39:52.092+05	2	1-test-kanal	2	[{"changed": {"fields": ["Name", "Invite link"]}}]	7	1
78	2025-11-12 09:40:46.641+05	2	1-test-kanal	2	[{"changed": {"fields": ["Telegram group id"]}}]	7	1
79	2025-11-14 11:19:03.378757+05	6	Mixed Load Group	3		7	1
80	2025-11-14 11:19:03.378823+05	5	Load Test Group	3		7	1
81	2025-11-14 11:19:03.378845+05	4	Test Group 700	3		7	1
82	2025-11-14 11:19:03.378862+05	3	103-guruh	3		7	1
83	2025-11-14 11:19:03.378887+05	2	1-test-kanal	3		7	1
84	2025-11-14 11:19:11.904869+05	4	test sinov	3		8	1
85	2025-11-14 11:19:11.904931+05	3	Mukammal sonlar	3		8	1
86	2025-11-14 11:19:11.904952+05	2	kasr sonlar	3		8	1
87	2025-11-14 11:19:11.90497+05	1	Natural sonlar	3		8	1
88	2025-11-14 11:21:21.077231+05	7	MD A1	1	[{"added": {}}]	7	1
89	2025-11-14 11:23:15.756837+05	8	MD A2	1	[{"added": {}}]	7	1
90	2025-11-14 11:25:32.487007+05	9	MD A3	1	[{"added": {}}]	7	1
91	2025-11-14 11:25:55.205906+05	9	MD A3	2	[{"changed": {"fields": ["Invite link"]}}]	7	1
93	2025-11-14 11:26:46.06122+05	7	MD A1	2	[]	7	1
96	2025-11-14 11:32:48.605241+05	12	MD A6	1	[{"added": {}}]	7	1
92	2025-11-14 11:26:22.239572+05	8	MD A2	2	[]	7	1
94	2025-11-14 11:27:52.569082+05	10	MD A4	1	[{"added": {}}]	7	1
95	2025-11-14 11:30:12.584599+05	11	MD A5	1	[{"added": {}}]	7	1
97	2025-11-14 11:34:03.098619+05	13	MD A7	1	[{"added": {}}]	7	1
98	2025-11-14 11:36:01.182812+05	14	MD A8	1	[{"added": {}}]	7	1
99	2025-11-14 11:37:10.724192+05	15	MD A9	1	[{"added": {}}]	7	1
100	2025-11-14 11:38:51.580382+05	16	MD A10	1	[{"added": {}}]	7	1
101	2025-11-14 11:39:48.147424+05	17	MD A11	1	[{"added": {}}]	7	1
102	2025-11-14 11:40:53.361267+05	18	MD A12	1	[{"added": {}}]	7	1
103	2025-11-14 11:44:09.636821+05	19	MD A13	1	[{"added": {}}]	7	1
104	2025-11-14 11:45:10.531438+05	20	MD A14	1	[{"added": {}}]	7	1
105	2025-11-14 12:23:50.343248+05	11729	Test (MD A3)	3		9	1
106	2025-11-14 12:29:47.055066+05	11730	test (MD A1)	3		9	1
107	2025-11-14 12:38:25.048822+05	11731	Aslbek Fayziev (MD A1)	3		9	1
108	2025-11-14 12:43:21.886075+05	11732	Aslbek Fayziev (MD A1)	3		9	1
109	2025-11-14 14:48:34.380853+05	11733	wefwefw (MD A1)	3		9	1
110	2025-11-14 14:49:32.418539+05	7	MD A1	2	[]	7	1
111	2025-11-14 14:50:04.05814+05	7	MD A1	2	[]	7	1
112	2025-11-14 16:01:21.667565+05	9	MD A3	2	[{"changed": {"fields": ["Invite link"]}}]	7	1
113	2025-11-14 16:40:06.652813+05	10	MD A4	2	[{"changed": {"fields": ["Invite link"]}}]	7	1
114	2025-11-14 17:25:17.923691+05	11	MD A5	2	[{"changed": {"fields": ["Invite link"]}}]	7	1
115	2025-11-14 17:25:45.861849+05	12	MD A6	2	[{"changed": {"fields": ["Invite link"]}}]	7	1
116	2025-11-14 17:26:02.05081+05	13	MD A7	2	[{"changed": {"fields": ["Invite link"]}}]	7	1
117	2025-11-14 17:26:25.367249+05	14	MD A8	2	[{"changed": {"fields": ["Invite link"]}}]	7	1
118	2025-11-14 18:09:10.098659+05	15	MD A9	2	[{"changed": {"fields": ["Invite link"]}}]	7	1
119	2025-11-14 18:09:39.43573+05	16	MD A10	2	[{"changed": {"fields": ["Invite link"]}}]	7	1
120	2025-11-14 18:10:03.989118+05	17	MD A11	2	[{"changed": {"fields": ["Invite link"]}}]	7	1
121	2025-11-14 18:10:23.251369+05	18	MD A12	2	[{"changed": {"fields": ["Invite link"]}}]	7	1
122	2025-11-14 18:10:42.242291+05	19	MD A13	2	[{"changed": {"fields": ["Invite link"]}}]	7	1
123	2025-11-14 18:11:03.661544+05	20	MD A14	2	[{"changed": {"fields": ["Invite link"]}}]	7	1
124	2025-11-15 22:37:07.919475+05	21	MD A15	1	[{"added": {}}]	7	1
125	2025-11-15 22:39:32.486422+05	22	MD A16	1	[{"added": {}}]	7	1
126	2025-11-15 22:42:49.596828+05	23	MD B1	1	[{"added": {}}]	7	1
127	2025-11-15 22:46:03.405919+05	24	MD B2	1	[{"added": {}}]	7	1
128	2025-11-15 22:51:33.323964+05	25	MD B3	1	[{"added": {}}]	7	1
129	2025-11-15 23:05:28.980539+05	26	MD B4	1	[{"added": {}}]	7	1
130	2025-11-16 16:23:21.439901+05	27	MD B5	1	[{"added": {}}]	7	1
131	2025-11-16 16:26:16.636602+05	28	MD B6	1	[{"added": {}}]	7	1
132	2025-11-16 16:39:37.635718+05	29	MD B7	1	[{"added": {}}]	7	1
133	2025-11-16 16:42:06.34424+05	30	MD B8	1	[{"added": {}}]	7	1
134	2025-11-16 16:43:42.523223+05	31	MD B9	1	[{"added": {}}]	7	1
135	2025-11-16 16:48:40.921639+05	32	MD B10	1	[{"added": {}}]	7	1
136	2025-11-16 19:24:12.764941+05	33	MD B11	1	[{"added": {}}]	7	1
137	2025-11-16 19:26:07.884144+05	34	MD B12	1	[{"added": {}}]	7	1
138	2025-11-16 19:27:54.75014+05	35	MD B13	1	[{"added": {}}]	7	1
139	2025-11-16 19:29:51.050542+05	36	MD B14	1	[{"added": {}}]	7	1
140	2025-11-16 19:31:17.675534+05	37	MD B15	1	[{"added": {}}]	7	1
141	2025-11-16 19:32:46.881743+05	38	MD B16	1	[{"added": {}}]	7	1
142	2025-11-17 09:13:42.60816+05	9	MD A3	2	[]	7	1
143	2025-11-17 17:26:24.397124+05	39	MD C1	1	[{"added": {}}]	7	1
144	2025-11-17 17:27:06.649124+05	40	MD C2	1	[{"added": {}}]	7	1
145	2025-11-17 17:27:13.451326+05	41	MD C3	1	[{"added": {}}]	7	1
146	2025-11-17 17:27:51.103818+05	40	MD C2	2	[{"changed": {"fields": ["Telegram group id", "Invite link"]}}]	7	1
147	2025-11-17 17:28:52.128153+05	41	MD C3	2	[{"changed": {"fields": ["Telegram group id", "Invite link"]}}]	7	1
148	2025-11-17 20:59:32.629976+05	42	MD C4	1	[{"added": {}}]	7	1
149	2025-11-17 21:02:05.496023+05	43	MD C5	1	[{"added": {}}]	7	1
150	2025-11-17 21:13:26.893202+05	44	MD C6	1	[{"added": {}}]	7	1
151	2025-11-17 21:17:23.994408+05	45	MD C7	1	[{"added": {}}]	7	1
152	2025-11-17 21:20:29.058835+05	46	MD C8	1	[{"added": {}}]	7	1
153	2025-11-17 21:23:36.089364+05	47	MD C9	1	[{"added": {}}]	7	1
154	2025-11-17 21:26:29.213503+05	48	MD C10	1	[{"added": {}}]	7	1
155	2025-11-20 22:47:34.54637+05	49	MD C11	1	[{"added": {}}]	7	1
156	2025-11-20 22:49:37.985837+05	50	MD C12	1	[{"added": {}}]	7	1
157	2025-11-20 22:52:23.623936+05	51	MD C13	1	[{"added": {}}]	7	1
158	2025-11-20 22:53:24.054217+05	49	MD C11	2	[{"changed": {"fields": ["Telegram group id"]}}]	7	1
159	2025-11-20 22:53:45.090678+05	49	MD C11	2	[]	7	1
160	2025-11-20 22:54:22.811219+05	50	MD C12	2	[{"changed": {"fields": ["Telegram group id"]}}]	7	1
161	2025-11-20 22:54:45.566925+05	50	MD C12	2	[]	7	1
162	2025-11-24 14:15:06.827669+05	13968	test (MD A2)	3		9	1
\.


--
-- Data for Name: django_content_type; Type: TABLE DATA; Schema: public; Owner: vazifa_user
--

COPY public.django_content_type (id, app_label, model) FROM stdin;
1	admin	logentry
2	auth	permission
3	auth	group
4	auth	user
5	contenttypes	contenttype
6	sessions	session
7	base_app	group
8	base_app	topic
9	base_app	student
10	base_app	task
11	base_app	invitecode
\.


--
-- Data for Name: django_migrations; Type: TABLE DATA; Schema: public; Owner: vazifa_user
--

COPY public.django_migrations (id, app, name, applied) FROM stdin;
1	contenttypes	0001_initial	2025-11-12 14:54:19.603831+05
2	auth	0001_initial	2025-11-12 14:54:19.676337+05
3	admin	0001_initial	2025-11-12 14:54:19.700492+05
4	admin	0002_logentry_remove_auto_add	2025-11-12 14:54:19.71246+05
5	admin	0003_logentry_add_action_flag_choices	2025-11-12 14:54:19.722673+05
6	contenttypes	0002_remove_content_type_name	2025-11-12 14:54:19.74176+05
7	auth	0002_alter_permission_name_max_length	2025-11-12 14:54:19.751951+05
8	auth	0003_alter_user_email_max_length	2025-11-12 14:54:19.763288+05
9	auth	0004_alter_user_username_opts	2025-11-12 14:54:19.771416+05
10	auth	0005_alter_user_last_login_null	2025-11-12 14:54:19.782735+05
11	auth	0006_require_contenttypes_0002	2025-11-12 14:54:19.785062+05
12	auth	0007_alter_validators_add_error_messages	2025-11-12 14:54:19.79542+05
13	auth	0008_alter_user_username_max_length	2025-11-12 14:54:19.809082+05
14	auth	0009_alter_user_last_name_max_length	2025-11-12 14:54:19.82109+05
15	auth	0010_alter_group_name_max_length	2025-11-12 14:54:19.833355+05
16	auth	0011_update_proxy_permissions	2025-11-12 14:54:19.842727+05
17	auth	0012_alter_user_first_name_max_length	2025-11-12 14:54:19.855067+05
18	base_app	0001_initial	2025-11-12 14:54:19.895405+05
19	base_app	0002_group_telegram_group_id_alter_student_group	2025-11-12 14:54:19.917376+05
20	base_app	0003_topic_is_active	2025-11-12 14:54:19.92306+05
21	base_app	0004_group_invite_link	2025-11-12 14:54:19.928463+05
22	base_app	0005_invitecode	2025-11-12 14:54:19.941513+05
23	sessions	0001_initial	2025-11-12 14:54:19.954136+05
24	base_app	0006_alter_task_unique_together_task_task_type_and_more	2025-11-24 11:26:17.664992+05
25	base_app	0007_task_test_answers_task_test_code	2025-11-24 11:26:17.681244+05
26	base_app	0008_topic_correct_answers	2025-11-24 11:26:17.692747+05
\.


--
-- Data for Name: django_session; Type: TABLE DATA; Schema: public; Owner: vazifa_user
--

COPY public.django_session (session_key, session_data, expire_date) FROM stdin;
3mng37e438rklzc3umm6txdw4d3jnp7k	.eJxVjEsOgjAUAO_StWn6-qHg0j1naPo-FdTQhMLKeHdDwkK3M5N5q5T3bUp7kzXNrK4K1OWXYaanLIfgR17uVVNdtnVGfST6tE2PleV1O9u_wZTbdGwjejC5RIfOIjIFKH30DMIdewIXvQSmaDoYgi2xE0eFbDDQe7SDVZ8v5ME3lQ:1v6NCt:9CPbtTKyHVe3yTsihPWVvBWbdXs5DY65v7nWIjezYY4	2025-10-22 10:59:23.146+05
4xm1lhsgmqg5tihtxmmp4cw1greygzes	.eJxVjEsOgjAUAO_StWn6-qHg0j1naPo-FdTQhMLKeHdDwkK3M5N5q5T3bUp7kzXNrK4K1OWXYaanLIfgR17uVVNdtnVGfST6tE2PleV1O9u_wZTbdGwjejC5RIfOIjIFKH30DMIdewIXvQSmaDoYgi2xE0eFbDDQe7SDVZ8v5ME3lQ:1vDyVX:6P_xkKgpYgmbtpS1_XuS7-stf-hTukG-7bfZUF1tW_U	2025-11-12 10:14:03.908+05
76u3hzx40zpvi4vjzqfwhgvoyu60e8nd	.eJxVjEsOgjAUAO_StWn6-qHg0j1naPo-FdTQhMLKeHdDwkK3M5N5q5T3bUp7kzXNrK4K1OWXYaanLIfgR17uVVNdtnVGfST6tE2PleV1O9u_wZTbdGwjejC5RIfOIjIFKH30DMIdewIXvQSmaDoYgi2xE0eFbDDQe7SDVZ8v5ME3lQ:1vFmuC:tCUIhu-rTlAZASBpfJxys_apUgd0MUXjubF2RsI9FKc	2025-11-17 10:15:00.419+05
8zuchqafh2fvvol0n9gbt3peitw4z6q2	.eJxVjEsOgjAUAO_StWn6-qHg0j1naPo-FdTQhMLKeHdDwkK3M5N5q5T3bUp7kzXNrK4K1OWXYaanLIfgR17uVVNdtnVGfST6tE2PleV1O9u_wZTbdGwjejC5RIfOIjIFKH30DMIdewIXvQSmaDoYgi2xE0eFbDDQe7SDVZ8v5ME3lQ:1vJ2c2:qgic8a7U1magsun4t-kuG2HRAHLWXP_xxpLOQZo8LjA	2025-11-26 09:37:42.421+05
cuehnucynbhwdd9wzvumnzkir2n8sf4z	.eJxVjEsOgjAUAO_StWn6-qHg0j1naPo-FdTQhMLKeHdDwkK3M5N5q5T3bUp7kzXNrK4K1OWXYaanLIfgR17uVVNdtnVGfST6tE2PleV1O9u_wZTbdGwjejC5RIfOIjIFKH30DMIdewIXvQSmaDoYgi2xE0eFbDDQe7SDVZ8v5ME3lQ:1v6o8m:MdLBjXUXKatkZmvcV1qH10HqKx87TQE7iWduwUCY4w4	2025-10-23 15:44:56.61+05
dbxfu2hhrmox1gewbxcryermisbs2cs5	.eJxVjEsOgjAUAO_StWn6-qHg0j1naPo-FdTQhMLKeHdDwkK3M5N5q5T3bUp7kzXNrK4K1OWXYaanLIfgR17uVVNdtnVGfST6tE2PleV1O9u_wZTbdGwjejC5RIfOIjIFKH30DMIdewIXvQSmaDoYgi2xE0eFbDDQe7SDVZ8v5ME3lQ:1vDJb4:1hMQLj43QLFYL516FRF146xVmNNwK6nvQYCXNOEbTg0	2025-11-10 14:33:02.782+05
eequn1x49kv0gtlw31sg8arkbg6093ha	.eJxVjEsOgjAUAO_StWn6-qHg0j1naPo-FdTQhMLKeHdDwkK3M5N5q5T3bUp7kzXNrK4K1OWXYaanLIfgR17uVVNdtnVGfST6tE2PleV1O9u_wZTbdGwjejC5RIfOIjIFKH30DMIdewIXvQSmaDoYgi2xE0eFbDDQe7SDVZ8v5ME3lQ:1uzIN9:kYtlFfjtdBu20VE4xW7_Za0qs3Uzyte4JZ4vVldh5Ns	2025-10-02 22:24:43.468+05
ii66uisbzwhmkvpntreq1cm1x2e1tazl	.eJxVjEsOgjAUAO_StWn6-qHg0j1naPo-FdTQhMLKeHdDwkK3M5N5q5T3bUp7kzXNrK4K1OWXYaanLIfgR17uVVNdtnVGfST6tE2PleV1O9u_wZTbdGwjejC5RIfOIjIFKH30DMIdewIXvQSmaDoYgi2xE0eFbDDQe7SDVZ8v5ME3lQ:1vDbet:BIDK3-vT04kI1_UuXuaXpQN_Cy5TZwoHDXMTBBNaaZE	2025-11-11 09:50:11.056+05
79spwy2wmr8qpkpsov18wy04npbmrbaz	.eJxVjEsOgjAUAO_StWn6-qHg0j1naPo-FdTQhMLKeHdDwkK3M5N5q5T3bUp7kzXNrK4K1OWXYaanLIfgR17uVVNdtnVGfST6tE2PleV1O9u_wZTbdGwjejC5RIfOIjIFKH30DMIdewIXvQSmaDoYgi2xE0eFbDDQe7SDVZ8v5ME3lQ:1vJWxg:9llzFwy9fD09VbUzmGPTxnj_vF2pnhpKeznBD5wbB8c	2025-11-27 18:02:04.026562+05
wdccqkluy5cdy7enc2on3qa35w8tsvrz	.eJxVjEsOgjAUAO_StWn6-qHg0j1naPo-FdTQhMLKeHdDwkK3M5N5q5T3bUp7kzXNrK4K1OWXYaanLIfgR17uVVNdtnVGfST6tE2PleV1O9u_wZTbdGwjejC5RIfOIjIFKH30DMIdewIXvQSmaDoYgi2xE0eFbDDQe7SDVZ8v5ME3lQ:1vKKAY:xi6AMEIWiXigz-v6k2m2pqRtAGIpm1hu3L_37Yv98s4	2025-11-29 22:34:38.760083+05
x5qycucsolu63rzgny88yda0xixonr3s	.eJxVjEsOgjAUAO_StWn6-qHg0j1naPo-FdTQhMLKeHdDwkK3M5N5q5T3bUp7kzXNrK4K1OWXYaanLIfgR17uVVNdtnVGfST6tE2PleV1O9u_wZTbdGwjejC5RIfOIjIFKH30DMIdewIXvQSmaDoYgi2xE0eFbDDQe7SDVZ8v5ME3lQ:1vKai4:H0RR2Rv0t7rukd7OlozbjRoOXACPQXdwPO2TKUACQpw	2025-11-30 16:14:20.384265+05
5c4ob4vuxc2gh4reuora7i0tmxc546fi	.eJxVjEsOgjAUAO_StWn6-qHg0j1naPo-FdTQhMLKeHdDwkK3M5N5q5T3bUp7kzXNrK4K1OWXYaanLIfgR17uVVNdtnVGfST6tE2PleV1O9u_wZTbdGwjejC5RIfOIjIFKH30DMIdewIXvQSmaDoYgi2xE0eFbDDQe7SDVZ8v5ME3lQ:1vKajW:44taCZpSRaDZggdz44R-LExlsbNoYce0MdDk4a0kgFc	2025-11-30 16:15:50.401609+05
\.


--
-- Name: auth_group_id_seq; Type: SEQUENCE SET; Schema: public; Owner: vazifa_user
--

SELECT pg_catalog.setval('public.auth_group_id_seq', 1, false);


--
-- Name: auth_group_permissions_id_seq; Type: SEQUENCE SET; Schema: public; Owner: vazifa_user
--

SELECT pg_catalog.setval('public.auth_group_permissions_id_seq', 1, false);


--
-- Name: auth_permission_id_seq; Type: SEQUENCE SET; Schema: public; Owner: vazifa_user
--

SELECT pg_catalog.setval('public.auth_permission_id_seq', 44, true);


--
-- Name: auth_user_groups_id_seq; Type: SEQUENCE SET; Schema: public; Owner: vazifa_user
--

SELECT pg_catalog.setval('public.auth_user_groups_id_seq', 1, false);


--
-- Name: auth_user_id_seq; Type: SEQUENCE SET; Schema: public; Owner: vazifa_user
--

SELECT pg_catalog.setval('public.auth_user_id_seq', 1, true);


--
-- Name: auth_user_user_permissions_id_seq; Type: SEQUENCE SET; Schema: public; Owner: vazifa_user
--

SELECT pg_catalog.setval('public.auth_user_user_permissions_id_seq', 1, false);


--
-- Name: base_app_group_id_seq; Type: SEQUENCE SET; Schema: public; Owner: vazifa_user
--

SELECT pg_catalog.setval('public.base_app_group_id_seq', 51, true);


--
-- Name: base_app_invitecode_id_seq; Type: SEQUENCE SET; Schema: public; Owner: vazifa_user
--

SELECT pg_catalog.setval('public.base_app_invitecode_id_seq', 52, true);


--
-- Name: base_app_student_id_seq; Type: SEQUENCE SET; Schema: public; Owner: vazifa_user
--

SELECT pg_catalog.setval('public.base_app_student_id_seq', 13969, true);


--
-- Name: base_app_task_id_seq; Type: SEQUENCE SET; Schema: public; Owner: vazifa_user
--

SELECT pg_catalog.setval('public.base_app_task_id_seq', 17, true);


--
-- Name: base_app_topic_id_seq; Type: SEQUENCE SET; Schema: public; Owner: vazifa_user
--

SELECT pg_catalog.setval('public.base_app_topic_id_seq', 4, true);


--
-- Name: django_admin_log_id_seq; Type: SEQUENCE SET; Schema: public; Owner: vazifa_user
--

SELECT pg_catalog.setval('public.django_admin_log_id_seq', 162, true);


--
-- Name: django_content_type_id_seq; Type: SEQUENCE SET; Schema: public; Owner: vazifa_user
--

SELECT pg_catalog.setval('public.django_content_type_id_seq', 11, true);


--
-- Name: django_migrations_id_seq; Type: SEQUENCE SET; Schema: public; Owner: vazifa_user
--

SELECT pg_catalog.setval('public.django_migrations_id_seq', 26, true);


--
-- Name: auth_group auth_group_name_key; Type: CONSTRAINT; Schema: public; Owner: vazifa_user
--

ALTER TABLE ONLY public.auth_group
    ADD CONSTRAINT auth_group_name_key UNIQUE (name);


--
-- Name: auth_group_permissions auth_group_permissions_group_id_permission_id_0cd325b0_uniq; Type: CONSTRAINT; Schema: public; Owner: vazifa_user
--

ALTER TABLE ONLY public.auth_group_permissions
    ADD CONSTRAINT auth_group_permissions_group_id_permission_id_0cd325b0_uniq UNIQUE (group_id, permission_id);


--
-- Name: auth_group_permissions auth_group_permissions_pkey; Type: CONSTRAINT; Schema: public; Owner: vazifa_user
--

ALTER TABLE ONLY public.auth_group_permissions
    ADD CONSTRAINT auth_group_permissions_pkey PRIMARY KEY (id);


--
-- Name: auth_group auth_group_pkey; Type: CONSTRAINT; Schema: public; Owner: vazifa_user
--

ALTER TABLE ONLY public.auth_group
    ADD CONSTRAINT auth_group_pkey PRIMARY KEY (id);


--
-- Name: auth_permission auth_permission_content_type_id_codename_01ab375a_uniq; Type: CONSTRAINT; Schema: public; Owner: vazifa_user
--

ALTER TABLE ONLY public.auth_permission
    ADD CONSTRAINT auth_permission_content_type_id_codename_01ab375a_uniq UNIQUE (content_type_id, codename);


--
-- Name: auth_permission auth_permission_pkey; Type: CONSTRAINT; Schema: public; Owner: vazifa_user
--

ALTER TABLE ONLY public.auth_permission
    ADD CONSTRAINT auth_permission_pkey PRIMARY KEY (id);


--
-- Name: auth_user_groups auth_user_groups_pkey; Type: CONSTRAINT; Schema: public; Owner: vazifa_user
--

ALTER TABLE ONLY public.auth_user_groups
    ADD CONSTRAINT auth_user_groups_pkey PRIMARY KEY (id);


--
-- Name: auth_user_groups auth_user_groups_user_id_group_id_94350c0c_uniq; Type: CONSTRAINT; Schema: public; Owner: vazifa_user
--

ALTER TABLE ONLY public.auth_user_groups
    ADD CONSTRAINT auth_user_groups_user_id_group_id_94350c0c_uniq UNIQUE (user_id, group_id);


--
-- Name: auth_user auth_user_pkey; Type: CONSTRAINT; Schema: public; Owner: vazifa_user
--

ALTER TABLE ONLY public.auth_user
    ADD CONSTRAINT auth_user_pkey PRIMARY KEY (id);


--
-- Name: auth_user_user_permissions auth_user_user_permissions_pkey; Type: CONSTRAINT; Schema: public; Owner: vazifa_user
--

ALTER TABLE ONLY public.auth_user_user_permissions
    ADD CONSTRAINT auth_user_user_permissions_pkey PRIMARY KEY (id);


--
-- Name: auth_user_user_permissions auth_user_user_permissions_user_id_permission_id_14a6b632_uniq; Type: CONSTRAINT; Schema: public; Owner: vazifa_user
--

ALTER TABLE ONLY public.auth_user_user_permissions
    ADD CONSTRAINT auth_user_user_permissions_user_id_permission_id_14a6b632_uniq UNIQUE (user_id, permission_id);


--
-- Name: auth_user auth_user_username_key; Type: CONSTRAINT; Schema: public; Owner: vazifa_user
--

ALTER TABLE ONLY public.auth_user
    ADD CONSTRAINT auth_user_username_key UNIQUE (username);


--
-- Name: base_app_group base_app_group_name_key; Type: CONSTRAINT; Schema: public; Owner: vazifa_user
--

ALTER TABLE ONLY public.base_app_group
    ADD CONSTRAINT base_app_group_name_key UNIQUE (name);


--
-- Name: base_app_group base_app_group_pkey; Type: CONSTRAINT; Schema: public; Owner: vazifa_user
--

ALTER TABLE ONLY public.base_app_group
    ADD CONSTRAINT base_app_group_pkey PRIMARY KEY (id);


--
-- Name: base_app_group base_app_group_telegram_group_id_key; Type: CONSTRAINT; Schema: public; Owner: vazifa_user
--

ALTER TABLE ONLY public.base_app_group
    ADD CONSTRAINT base_app_group_telegram_group_id_key UNIQUE (telegram_group_id);


--
-- Name: base_app_invitecode base_app_invitecode_code_key; Type: CONSTRAINT; Schema: public; Owner: vazifa_user
--

ALTER TABLE ONLY public.base_app_invitecode
    ADD CONSTRAINT base_app_invitecode_code_key UNIQUE (code);


--
-- Name: base_app_invitecode base_app_invitecode_pkey; Type: CONSTRAINT; Schema: public; Owner: vazifa_user
--

ALTER TABLE ONLY public.base_app_invitecode
    ADD CONSTRAINT base_app_invitecode_pkey PRIMARY KEY (id);


--
-- Name: base_app_student base_app_student_pkey; Type: CONSTRAINT; Schema: public; Owner: vazifa_user
--

ALTER TABLE ONLY public.base_app_student
    ADD CONSTRAINT base_app_student_pkey PRIMARY KEY (id);


--
-- Name: base_app_student base_app_student_telegram_id_key; Type: CONSTRAINT; Schema: public; Owner: vazifa_user
--

ALTER TABLE ONLY public.base_app_student
    ADD CONSTRAINT base_app_student_telegram_id_key UNIQUE (telegram_id);


--
-- Name: base_app_task base_app_task_pkey; Type: CONSTRAINT; Schema: public; Owner: vazifa_user
--

ALTER TABLE ONLY public.base_app_task
    ADD CONSTRAINT base_app_task_pkey PRIMARY KEY (id);


--
-- Name: base_app_task base_app_task_student_id_topic_id_task_type_4cb80291_uniq; Type: CONSTRAINT; Schema: public; Owner: vazifa_user
--

ALTER TABLE ONLY public.base_app_task
    ADD CONSTRAINT base_app_task_student_id_topic_id_task_type_4cb80291_uniq UNIQUE (student_id, topic_id, task_type);


--
-- Name: base_app_topic base_app_topic_pkey; Type: CONSTRAINT; Schema: public; Owner: vazifa_user
--

ALTER TABLE ONLY public.base_app_topic
    ADD CONSTRAINT base_app_topic_pkey PRIMARY KEY (id);


--
-- Name: base_app_topic base_app_topic_title_key; Type: CONSTRAINT; Schema: public; Owner: vazifa_user
--

ALTER TABLE ONLY public.base_app_topic
    ADD CONSTRAINT base_app_topic_title_key UNIQUE (title);


--
-- Name: django_admin_log django_admin_log_pkey; Type: CONSTRAINT; Schema: public; Owner: vazifa_user
--

ALTER TABLE ONLY public.django_admin_log
    ADD CONSTRAINT django_admin_log_pkey PRIMARY KEY (id);


--
-- Name: django_content_type django_content_type_app_label_model_76bd3d3b_uniq; Type: CONSTRAINT; Schema: public; Owner: vazifa_user
--

ALTER TABLE ONLY public.django_content_type
    ADD CONSTRAINT django_content_type_app_label_model_76bd3d3b_uniq UNIQUE (app_label, model);


--
-- Name: django_content_type django_content_type_pkey; Type: CONSTRAINT; Schema: public; Owner: vazifa_user
--

ALTER TABLE ONLY public.django_content_type
    ADD CONSTRAINT django_content_type_pkey PRIMARY KEY (id);


--
-- Name: django_migrations django_migrations_pkey; Type: CONSTRAINT; Schema: public; Owner: vazifa_user
--

ALTER TABLE ONLY public.django_migrations
    ADD CONSTRAINT django_migrations_pkey PRIMARY KEY (id);


--
-- Name: django_session django_session_pkey; Type: CONSTRAINT; Schema: public; Owner: vazifa_user
--

ALTER TABLE ONLY public.django_session
    ADD CONSTRAINT django_session_pkey PRIMARY KEY (session_key);


--
-- Name: auth_group_name_a6ea08ec_like; Type: INDEX; Schema: public; Owner: vazifa_user
--

CREATE INDEX auth_group_name_a6ea08ec_like ON public.auth_group USING btree (name varchar_pattern_ops);


--
-- Name: auth_group_permissions_group_id_b120cbf9; Type: INDEX; Schema: public; Owner: vazifa_user
--

CREATE INDEX auth_group_permissions_group_id_b120cbf9 ON public.auth_group_permissions USING btree (group_id);


--
-- Name: auth_group_permissions_permission_id_84c5c92e; Type: INDEX; Schema: public; Owner: vazifa_user
--

CREATE INDEX auth_group_permissions_permission_id_84c5c92e ON public.auth_group_permissions USING btree (permission_id);


--
-- Name: auth_permission_content_type_id_2f476e4b; Type: INDEX; Schema: public; Owner: vazifa_user
--

CREATE INDEX auth_permission_content_type_id_2f476e4b ON public.auth_permission USING btree (content_type_id);


--
-- Name: auth_user_groups_group_id_97559544; Type: INDEX; Schema: public; Owner: vazifa_user
--

CREATE INDEX auth_user_groups_group_id_97559544 ON public.auth_user_groups USING btree (group_id);


--
-- Name: auth_user_groups_user_id_6a12ed8b; Type: INDEX; Schema: public; Owner: vazifa_user
--

CREATE INDEX auth_user_groups_user_id_6a12ed8b ON public.auth_user_groups USING btree (user_id);


--
-- Name: auth_user_user_permissions_permission_id_1fbb5f2c; Type: INDEX; Schema: public; Owner: vazifa_user
--

CREATE INDEX auth_user_user_permissions_permission_id_1fbb5f2c ON public.auth_user_user_permissions USING btree (permission_id);


--
-- Name: auth_user_user_permissions_user_id_a95ead1b; Type: INDEX; Schema: public; Owner: vazifa_user
--

CREATE INDEX auth_user_user_permissions_user_id_a95ead1b ON public.auth_user_user_permissions USING btree (user_id);


--
-- Name: auth_user_username_6821ab7c_like; Type: INDEX; Schema: public; Owner: vazifa_user
--

CREATE INDEX auth_user_username_6821ab7c_like ON public.auth_user USING btree (username varchar_pattern_ops);


--
-- Name: base_app_group_name_b52f5d97_like; Type: INDEX; Schema: public; Owner: vazifa_user
--

CREATE INDEX base_app_group_name_b52f5d97_like ON public.base_app_group USING btree (name varchar_pattern_ops);


--
-- Name: base_app_group_telegram_group_id_16510569_like; Type: INDEX; Schema: public; Owner: vazifa_user
--

CREATE INDEX base_app_group_telegram_group_id_16510569_like ON public.base_app_group USING btree (telegram_group_id varchar_pattern_ops);


--
-- Name: base_app_invitecode_code_7a509e1e_like; Type: INDEX; Schema: public; Owner: vazifa_user
--

CREATE INDEX base_app_invitecode_code_7a509e1e_like ON public.base_app_invitecode USING btree (code varchar_pattern_ops);


--
-- Name: base_app_student_group_id_b81b3039; Type: INDEX; Schema: public; Owner: vazifa_user
--

CREATE INDEX base_app_student_group_id_b81b3039 ON public.base_app_student USING btree (group_id);


--
-- Name: base_app_student_telegram_id_c1ce458a_like; Type: INDEX; Schema: public; Owner: vazifa_user
--

CREATE INDEX base_app_student_telegram_id_c1ce458a_like ON public.base_app_student USING btree (telegram_id varchar_pattern_ops);


--
-- Name: base_app_task_student_id_c30fe974; Type: INDEX; Schema: public; Owner: vazifa_user
--

CREATE INDEX base_app_task_student_id_c30fe974 ON public.base_app_task USING btree (student_id);


--
-- Name: base_app_task_topic_id_0bfbc099; Type: INDEX; Schema: public; Owner: vazifa_user
--

CREATE INDEX base_app_task_topic_id_0bfbc099 ON public.base_app_task USING btree (topic_id);


--
-- Name: base_app_topic_title_491b1b3f_like; Type: INDEX; Schema: public; Owner: vazifa_user
--

CREATE INDEX base_app_topic_title_491b1b3f_like ON public.base_app_topic USING btree (title varchar_pattern_ops);


--
-- Name: django_admin_log_content_type_id_c4bce8eb; Type: INDEX; Schema: public; Owner: vazifa_user
--

CREATE INDEX django_admin_log_content_type_id_c4bce8eb ON public.django_admin_log USING btree (content_type_id);


--
-- Name: django_admin_log_user_id_c564eba6; Type: INDEX; Schema: public; Owner: vazifa_user
--

CREATE INDEX django_admin_log_user_id_c564eba6 ON public.django_admin_log USING btree (user_id);


--
-- Name: django_session_expire_date_a5c62663; Type: INDEX; Schema: public; Owner: vazifa_user
--

CREATE INDEX django_session_expire_date_a5c62663 ON public.django_session USING btree (expire_date);


--
-- Name: django_session_session_key_c0390e0f_like; Type: INDEX; Schema: public; Owner: vazifa_user
--

CREATE INDEX django_session_session_key_c0390e0f_like ON public.django_session USING btree (session_key varchar_pattern_ops);


--
-- Name: auth_group_permissions auth_group_permissio_permission_id_84c5c92e_fk_auth_perm; Type: FK CONSTRAINT; Schema: public; Owner: vazifa_user
--

ALTER TABLE ONLY public.auth_group_permissions
    ADD CONSTRAINT auth_group_permissio_permission_id_84c5c92e_fk_auth_perm FOREIGN KEY (permission_id) REFERENCES public.auth_permission(id) DEFERRABLE INITIALLY DEFERRED;


--
-- Name: auth_group_permissions auth_group_permissions_group_id_b120cbf9_fk_auth_group_id; Type: FK CONSTRAINT; Schema: public; Owner: vazifa_user
--

ALTER TABLE ONLY public.auth_group_permissions
    ADD CONSTRAINT auth_group_permissions_group_id_b120cbf9_fk_auth_group_id FOREIGN KEY (group_id) REFERENCES public.auth_group(id) DEFERRABLE INITIALLY DEFERRED;


--
-- Name: auth_permission auth_permission_content_type_id_2f476e4b_fk_django_co; Type: FK CONSTRAINT; Schema: public; Owner: vazifa_user
--

ALTER TABLE ONLY public.auth_permission
    ADD CONSTRAINT auth_permission_content_type_id_2f476e4b_fk_django_co FOREIGN KEY (content_type_id) REFERENCES public.django_content_type(id) DEFERRABLE INITIALLY DEFERRED;


--
-- Name: auth_user_groups auth_user_groups_group_id_97559544_fk_auth_group_id; Type: FK CONSTRAINT; Schema: public; Owner: vazifa_user
--

ALTER TABLE ONLY public.auth_user_groups
    ADD CONSTRAINT auth_user_groups_group_id_97559544_fk_auth_group_id FOREIGN KEY (group_id) REFERENCES public.auth_group(id) DEFERRABLE INITIALLY DEFERRED;


--
-- Name: auth_user_groups auth_user_groups_user_id_6a12ed8b_fk_auth_user_id; Type: FK CONSTRAINT; Schema: public; Owner: vazifa_user
--

ALTER TABLE ONLY public.auth_user_groups
    ADD CONSTRAINT auth_user_groups_user_id_6a12ed8b_fk_auth_user_id FOREIGN KEY (user_id) REFERENCES public.auth_user(id) DEFERRABLE INITIALLY DEFERRED;


--
-- Name: auth_user_user_permissions auth_user_user_permi_permission_id_1fbb5f2c_fk_auth_perm; Type: FK CONSTRAINT; Schema: public; Owner: vazifa_user
--

ALTER TABLE ONLY public.auth_user_user_permissions
    ADD CONSTRAINT auth_user_user_permi_permission_id_1fbb5f2c_fk_auth_perm FOREIGN KEY (permission_id) REFERENCES public.auth_permission(id) DEFERRABLE INITIALLY DEFERRED;


--
-- Name: auth_user_user_permissions auth_user_user_permissions_user_id_a95ead1b_fk_auth_user_id; Type: FK CONSTRAINT; Schema: public; Owner: vazifa_user
--

ALTER TABLE ONLY public.auth_user_user_permissions
    ADD CONSTRAINT auth_user_user_permissions_user_id_a95ead1b_fk_auth_user_id FOREIGN KEY (user_id) REFERENCES public.auth_user(id) DEFERRABLE INITIALLY DEFERRED;


--
-- Name: base_app_student base_app_student_group_id_b81b3039_fk_base_app_group_id; Type: FK CONSTRAINT; Schema: public; Owner: vazifa_user
--

ALTER TABLE ONLY public.base_app_student
    ADD CONSTRAINT base_app_student_group_id_b81b3039_fk_base_app_group_id FOREIGN KEY (group_id) REFERENCES public.base_app_group(id) DEFERRABLE INITIALLY DEFERRED;


--
-- Name: base_app_task base_app_task_student_id_c30fe974_fk_base_app_student_id; Type: FK CONSTRAINT; Schema: public; Owner: vazifa_user
--

ALTER TABLE ONLY public.base_app_task
    ADD CONSTRAINT base_app_task_student_id_c30fe974_fk_base_app_student_id FOREIGN KEY (student_id) REFERENCES public.base_app_student(id) DEFERRABLE INITIALLY DEFERRED;


--
-- Name: base_app_task base_app_task_topic_id_0bfbc099_fk_base_app_topic_id; Type: FK CONSTRAINT; Schema: public; Owner: vazifa_user
--

ALTER TABLE ONLY public.base_app_task
    ADD CONSTRAINT base_app_task_topic_id_0bfbc099_fk_base_app_topic_id FOREIGN KEY (topic_id) REFERENCES public.base_app_topic(id) DEFERRABLE INITIALLY DEFERRED;


--
-- Name: django_admin_log django_admin_log_content_type_id_c4bce8eb_fk_django_co; Type: FK CONSTRAINT; Schema: public; Owner: vazifa_user
--

ALTER TABLE ONLY public.django_admin_log
    ADD CONSTRAINT django_admin_log_content_type_id_c4bce8eb_fk_django_co FOREIGN KEY (content_type_id) REFERENCES public.django_content_type(id) DEFERRABLE INITIALLY DEFERRED;


--
-- Name: django_admin_log django_admin_log_user_id_c564eba6_fk_auth_user_id; Type: FK CONSTRAINT; Schema: public; Owner: vazifa_user
--

ALTER TABLE ONLY public.django_admin_log
    ADD CONSTRAINT django_admin_log_user_id_c564eba6_fk_auth_user_id FOREIGN KEY (user_id) REFERENCES public.auth_user(id) DEFERRABLE INITIALLY DEFERRED;


--
-- PostgreSQL database dump complete
--

\unrestrict HWs9ZOdCvEy1jmuZOFhi5e3hv5JtddpHTuUBJORsgXdSwcrIZAHoqDDEwNdzDxK

